0 verbose cli C:\Program Files\nodejs\node.exe C:\Program Files\nodejs\node_modules\npm\bin\npm-cli.js
1 info using npm@11.13.0
2 info using node@v24.16.0
3 silly config load:file:C:\Program Files\nodejs\node_modules\npm\npmrc
4 silly config load:file:D:\Dev\Projects\ytb-vps-scene\.worktrees\cleanup-scene-switch-state\web\.npmrc
5 silly config load:file:C:\Users\MrThien\.npmrc
6 silly config load:file:C:\Users\MrThien\AppData\Roaming\npm\etc\npmrc
7 verbose title npm ci
8 verbose argv "ci" "--cache" "D:\\Dev\\Projects\\ytb-vps-scene\\.worktrees\\cleanup-scene-switch-state\\web\\.npm-cache"
9 verbose logfile logs-max:10 dir:D:\Dev\Projects\ytb-vps-scene\.worktrees\cleanup-scene-switch-state\web\.npm-cache\_logs\2026-07-24T15_02_52_399Z-
10 verbose logfile D:\Dev\Projects\ytb-vps-scene\.worktrees\cleanup-scene-switch-state\web\.npm-cache\_logs\2026-07-24T15_02_52_399Z-debug-0.log
11 silly logfile done cleaning log files
12 silly packumentCache heap:4496293888 maxSize:1124073472 maxEntrySize:562036736
13 silly packumentCache heap:4496293888 maxSize:1124073472 maxEntrySize:562036736
14 silly idealTree buildDeps
15 warn EBADENGINE Unsupported engine {
15 warn EBADENGINE   package: 'ytb-vps-control-plane@0.1.0',
15 warn EBADENGINE   required: { node: '22.x' },
15 warn EBADENGINE   current: { node: 'v24.16.0', npm: '11.13.0' }
15 warn EBADENGINE }
16 silly reify moves {}
17 silly audit bulk request {
17 silly audit   '@adobe/css-tools': [ '4.5.0' ],
17 silly audit   '@asamuzakjp/css-color': [ '3.2.0' ],
17 silly audit   'lru-cache': [ '10.4.3', '5.1.1' ],
17 silly audit   '@babel/code-frame': [ '7.29.7' ],
17 silly audit   '@babel/compat-data': [ '7.29.7' ],
17 silly audit   '@babel/core': [ '7.29.7' ],
17 silly audit   semver: [ '6.3.1', '7.8.5' ],
17 silly audit   '@babel/generator': [ '7.29.7' ],
17 silly audit   '@babel/helper-compilation-targets': [ '7.29.7' ],
17 silly audit   '@babel/helper-globals': [ '7.29.7' ],
17 silly audit   '@babel/helper-module-imports': [ '7.29.7' ],
17 silly audit   '@babel/helper-module-transforms': [ '7.29.7' ],
17 silly audit   '@babel/helper-plugin-utils': [ '7.29.7' ],
17 silly audit   '@babel/helper-string-parser': [ '7.29.7' ],
17 silly audit   '@babel/helper-validator-identifier': [ '7.29.7' ],
17 silly audit   '@babel/helper-validator-option': [ '7.29.7' ],
17 silly audit   '@babel/helpers': [ '7.29.7' ],
17 silly audit   '@babel/parser': [ '7.29.7' ],
17 silly audit   '@babel/plugin-transform-react-jsx-self': [ '7.29.7' ],
17 silly audit   '@babel/plugin-transform-react-jsx-source': [ '7.29.7' ],
17 silly audit   '@babel/runtime': [ '7.29.7' ],
17 silly audit   '@babel/template': [ '7.29.7' ],
17 silly audit   '@babel/traverse': [ '7.29.7' ],
17 silly audit   '@babel/types': [ '7.29.7' ],
17 silly audit   '@csstools/color-helpers': [ '5.1.0' ],
17 silly audit   '@csstools/css-calc': [ '2.1.4' ],
17 silly audit   '@csstools/css-color-parser': [ '3.1.0' ],
17 silly audit   '@csstools/css-parser-algorithms': [ '3.0.5' ],
17 silly audit   '@csstools/css-tokenizer': [ '3.0.4' ],
17 silly audit   '@electric-sql/pglite': [ '0.3.7' ],
17 silly audit   '@emnapi/core': [ '1.10.0' ],
17 silly audit   '@emnapi/runtime': [ '1.11.2', '1.10.0' ],
17 silly audit   '@emnapi/wasi-threads': [ '1.2.1' ],
17 silly audit   '@esbuild/aix-ppc64': [ '0.25.12' ],
17 silly audit   '@esbuild/android-arm': [ '0.25.12' ],
17 silly audit   '@esbuild/android-arm64': [ '0.25.12' ],
17 silly audit   '@esbuild/android-x64': [ '0.25.12' ],
17 silly audit   '@esbuild/darwin-arm64': [ '0.25.12' ],
17 silly audit   '@esbuild/darwin-x64': [ '0.25.12' ],
17 silly audit   '@esbuild/freebsd-arm64': [ '0.25.12' ],
17 silly audit   '@esbuild/freebsd-x64': [ '0.25.12' ],
17 silly audit   '@esbuild/linux-arm': [ '0.25.12' ],
17 silly audit   '@esbuild/linux-arm64': [ '0.25.12' ],
17 silly audit   '@esbuild/linux-ia32': [ '0.25.12' ],
17 silly audit   '@esbuild/linux-loong64': [ '0.25.12' ],
17 silly audit   '@esbuild/linux-mips64el': [ '0.25.12' ],
17 silly audit   '@esbuild/linux-ppc64': [ '0.25.12' ],
17 silly audit   '@esbuild/linux-riscv64': [ '0.25.12' ],
17 silly audit   '@esbuild/linux-s390x': [ '0.25.12' ],
17 silly audit   '@esbuild/linux-x64': [ '0.25.12' ],
17 silly audit   '@esbuild/netbsd-arm64': [ '0.25.12' ],
17 silly audit   '@esbuild/netbsd-x64': [ '0.25.12' ],
17 silly audit   '@esbuild/openbsd-arm64': [ '0.25.12' ],
17 silly audit   '@esbuild/openbsd-x64': [ '0.25.12' ],
17 silly audit   '@esbuild/openharmony-arm64': [ '0.25.12' ],
17 silly audit   '@esbuild/sunos-x64': [ '0.25.12' ],
17 silly audit   '@esbuild/win32-arm64': [ '0.25.12' ],
17 silly audit   '@esbuild/win32-ia32': [ '0.25.12' ],
17 silly audit   '@esbuild/win32-x64': [ '0.25.12' ],
17 silly audit   '@eslint-community/eslint-utils': [ '4.9.1' ],
17 silly audit   'eslint-visitor-keys': [ '3.4.3', '5.0.1', '4.2.1' ],
17 silly audit   '@eslint-community/regexpp': [ '4.12.2' ],
17 silly audit   '@eslint/config-array': [ '0.21.2' ],
17 silly audit   '@eslint/config-helpers': [ '0.4.2' ],
17 silly audit   '@eslint/core': [ '0.17.0' ],
17 silly audit   '@eslint/eslintrc': [ '3.3.6' ],
17 silly audit   '@eslint/js': [ '9.39.5' ],
17 silly audit   '@eslint/object-schema': [ '2.1.7' ],
17 silly audit   '@eslint/plugin-kit': [ '0.4.1' ],
17 silly audit   '@humanfs/core': [ '0.19.2' ],
17 silly audit   '@humanfs/node': [ '0.16.8' ],
17 silly audit   '@humanfs/types': [ '0.15.0' ],
17 silly audit   '@humanwhocodes/module-importer': [ '1.0.1' ],
17 silly audit   '@humanwhocodes/retry': [ '0.4.3' ],
17 silly audit   '@img/colour': [ '1.1.0' ],
17 silly audit   '@img/sharp-darwin-arm64': [ '0.35.3' ],
17 silly audit   '@img/sharp-darwin-x64': [ '0.35.3' ],
17 silly audit   '@img/sharp-freebsd-wasm32': [ '0.35.3' ],
17 silly audit   '@img/sharp-libvips-darwin-arm64': [ '1.3.2' ],
17 silly audit   '@img/sharp-libvips-darwin-x64': [ '1.3.2' ],
17 silly audit   '@img/sharp-libvips-linux-arm': [ '1.3.2' ],
17 silly audit   '@img/sharp-libvips-linux-arm64': [ '1.3.2' ],
17 silly audit   '@img/sharp-libvips-linux-ppc64': [ '1.3.2' ],
17 silly audit   '@img/sharp-libvips-linux-riscv64': [ '1.3.2' ],
17 silly audit   '@img/sharp-libvips-linux-s390x': [ '1.3.2' ],
17 silly audit   '@img/sharp-libvips-linux-x64': [ '1.3.2' ],
17 silly audit   '@img/sharp-libvips-linuxmusl-arm64': [ '1.3.2' ],
17 silly audit   '@img/sharp-libvips-linuxmusl-x64': [ '1.3.2' ],
17 silly audit   '@img/sharp-linux-arm': [ '0.35.3' ],
17 silly audit   '@img/sharp-linux-arm64': [ '0.35.3' ],
17 silly audit   '@img/sharp-linux-ppc64': [ '0.35.3' ],
17 silly audit   '@img/sharp-linux-riscv64': [ '0.35.3' ],
17 silly audit   '@img/sharp-linux-s390x': [ '0.35.3' ],
17 silly audit   '@img/sharp-linux-x64': [ '0.35.3' ],
17 silly audit   '@img/sharp-linuxmusl-arm64': [ '0.35.3' ],
17 silly audit   '@img/sharp-linuxmusl-x64': [ '0.35.3' ],
17 silly audit   '@img/sharp-wasm32': [ '0.35.3' ],
17 silly audit   '@img/sharp-webcontainers-wasm32': [ '0.35.3' ],
17 silly audit   '@img/sharp-win32-arm64': [ '0.35.3' ],
17 silly audit   '@img/sharp-win32-ia32': [ '0.35.3' ],
17 silly audit   '@img/sharp-win32-x64': [ '0.35.3' ],
17 silly audit   '@jridgewell/gen-mapping': [ '0.3.13' ],
17 silly audit   '@jridgewell/remapping': [ '2.3.5' ],
17 silly audit   '@jridgewell/resolve-uri': [ '3.1.2' ],
17 silly audit   '@jridgewell/sourcemap-codec': [ '1.5.5' ],
17 silly audit   '@jridgewell/trace-mapping': [ '0.3.31' ],
17 silly audit   '@napi-rs/wasm-runtime': [ '1.1.6' ],
17 silly audit   '@neondatabase/serverless': [ '1.0.2' ],
17 silly audit   '@types/node': [ '22.20.1', '22.15.3' ],
17 silly audit   '@next/env': [ '16.2.11' ],
17 silly audit   '@next/eslint-plugin-next': [ '16.2.11' ],
17 silly audit   '@next/swc-darwin-arm64': [ '16.2.11' ],
17 silly audit   '@next/swc-darwin-x64': [ '16.2.11' ],
17 silly audit   '@next/swc-linux-arm64-gnu': [ '16.2.11' ],
17 silly audit   '@next/swc-linux-arm64-musl': [ '16.2.11' ],
17 silly audit   '@next/swc-linux-x64-gnu': [ '16.2.11' ],
17 silly audit   '@next/swc-linux-x64-musl': [ '16.2.11' ],
17 silly audit   '@next/swc-win32-arm64-msvc': [ '16.2.11' ],
17 silly audit   '@next/swc-win32-x64-msvc': [ '16.2.11' ],
17 silly audit   '@nodelib/fs.scandir': [ '2.1.5' ],
17 silly audit   '@nodelib/fs.stat': [ '2.0.5' ],
17 silly audit   '@nodelib/fs.walk': [ '1.2.8' ],
17 silly audit   '@nolyfill/is-core-module': [ '1.0.39' ],
17 silly audit   '@rollup/rollup-android-arm-eabi': [ '4.62.2' ],
17 silly audit   '@rollup/rollup-android-arm64': [ '4.62.2' ],
17 silly audit   '@rollup/rollup-darwin-arm64': [ '4.62.2' ],
17 silly audit   '@rollup/rollup-darwin-x64': [ '4.62.2' ],
17 silly audit   '@rollup/rollup-freebsd-arm64': [ '4.62.2' ],
17 silly audit   '@rollup/rollup-freebsd-x64': [ '4.62.2' ],
17 silly audit   '@rollup/rollup-linux-arm-gnueabihf': [ '4.62.2' ],
17 silly audit   '@rollup/rollup-linux-arm-musleabihf': [ '4.62.2' ],
17 silly audit   '@rollup/rollup-linux-arm64-gnu': [ '4.62.2' ],
17 silly audit   '@rollup/rollup-linux-arm64-musl': [ '4.62.2' ],
17 silly audit   '@rollup/rollup-linux-loong64-gnu': [ '4.62.2' ],
17 silly audit   '@rollup/rollup-linux-loong64-musl': [ '4.62.2' ],
17 silly audit   '@rollup/rollup-linux-ppc64-gnu': [ '4.62.2' ],
17 silly audit   '@rollup/rollup-linux-ppc64-musl': [ '4.62.2' ],
17 silly audit   '@rollup/rollup-linux-riscv64-gnu': [ '4.62.2' ],
17 silly audit   '@rollup/rollup-linux-riscv64-musl': [ '4.62.2' ],
17 silly audit   '@rollup/rollup-linux-s390x-gnu': [ '4.62.2' ],
17 silly audit   '@rollup/rollup-linux-x64-gnu': [ '4.62.2' ],
17 silly audit   '@rollup/rollup-linux-x64-musl': [ '4.62.2' ],
17 silly audit   '@rollup/rollup-openbsd-x64': [ '4.62.2' ],
17 silly audit   '@rollup/rollup-openharmony-arm64': [ '4.62.2' ],
17 silly audit   '@rollup/rollup-win32-arm64-msvc': [ '4.62.2' ],
17 silly audit   '@rollup/rollup-win32-ia32-msvc': [ '4.62.2' ],
17 silly audit   '@rollup/rollup-win32-x64-gnu': [ '4.62.2' ],
17 silly audit   '@rollup/rollup-win32-x64-msvc': [ '4.62.2' ],
17 silly audit   '@rtsao/scc': [ '1.1.0' ],
17 silly audit   '@swc/helpers': [ '0.5.15' ],
17 silly audit   '@testing-library/dom': [ '10.4.1' ],
17 silly audit   '@testing-library/jest-dom': [ '6.6.3' ],
17 silly audit   'dom-accessibility-api': [ '0.6.3', '0.5.16' ],
17 silly audit   '@testing-library/react': [ '16.3.0' ],
17 silly audit   '@tybys/wasm-util': [ '0.10.3' ],
17 silly audit   '@types/aria-query': [ '5.0.4' ],
17 silly audit   '@types/babel__core': [ '7.20.5' ],
17 silly audit   '@types/babel__generator': [ '7.27.0' ],
17 silly audit   '@types/babel__template': [ '7.4.4' ],
17 silly audit   '@types/babel__traverse': [ '7.28.0' ],
17 silly audit   '@types/chai': [ '5.2.3' ],
17 silly audit   '@types/deep-eql': [ '4.0.2' ],
17 silly audit   '@types/estree': [ '1.0.9' ],
17 silly audit   '@types/json-schema': [ '7.0.15' ],
17 silly audit   '@types/json5': [ '0.0.29' ],
17 silly audit   '@types/pg': [ '8.20.0' ],
17 silly audit   '@types/react': [ '19.1.2' ],
17 silly audit   '@types/react-dom': [ '19.1.2' ],
17 silly audit   '@typescript-eslint/eslint-plugin': [ '8.64.0' ],
17 silly audit   ignore: [ '7.0.6', '5.3.2' ],
17 silly audit   '@typescript-eslint/parser': [ '8.64.0' ],
17 silly audit   '@typescript-eslint/project-service': [ '8.64.0' ],
17 silly audit   '@typescript-eslint/scope-manager': [ '8.64.0' ],
17 silly audit   '@typescript-eslint/tsconfig-utils': [ '8.64.0' ],
17 silly audit   '@typescript-eslint/type-utils': [ '8.64.0' ],
17 silly audit   '@typescript-eslint/types': [ '8.64.0' ],
17 silly audit   '@typescript-eslint/typescript-estree': [ '8.64.0' ],
17 silly audit   'balanced-match': [ '4.0.4', '1.0.2' ],
17 silly audit   'brace-expansion': [ '5.0.7', '1.1.16' ],
17 silly audit   minimatch: [ '10.2.5', '3.1.5' ],
17 silly audit   '@typescript-eslint/utils': [ '8.64.0' ],
17 silly audit   '@typescript-eslint/visitor-keys': [ '8.64.0' ],
17 silly audit   '@unrs/resolver-binding-android-arm-eabi': [ '1.12.2' ],
17 silly audit   '@unrs/resolver-binding-android-arm64': [ '1.12.2' ],
17 silly audit   '@unrs/resolver-binding-darwin-arm64': [ '1.12.2' ],
17 silly audit   '@unrs/resolver-binding-darwin-x64': [ '1.12.2' ],
17 silly audit   '@unrs/resolver-binding-freebsd-x64': [ '1.12.2' ],
17 silly audit   '@unrs/resolver-binding-linux-arm-gnueabihf': [ '1.12.2' ],
17 silly audit   '@unrs/resolver-binding-linux-arm-musleabihf': [ '1.12.2' ],
17 silly audit   '@unrs/resolver-binding-linux-arm64-gnu': [ '1.12.2' ],
17 silly audit   '@unrs/resolver-binding-linux-arm64-musl': [ '1.12.2' ],
17 silly audit   '@unrs/resolver-binding-linux-loong64-gnu': [ '1.12.2' ],
17 silly audit   '@unrs/resolver-binding-linux-loong64-musl': [ '1.12.2' ],
17 silly audit   '@unrs/resolver-binding-linux-ppc64-gnu': [ '1.12.2' ],
17 silly audit   '@unrs/resolver-binding-linux-riscv64-gnu': [ '1.12.2' ],
17 silly audit   '@unrs/resolver-binding-linux-riscv64-musl': [ '1.12.2' ],
17 silly audit   '@unrs/resolver-binding-linux-s390x-gnu': [ '1.12.2' ],
17 silly audit   '@unrs/resolver-binding-linux-x64-gnu': [ '1.12.2' ],
17 silly audit   '@unrs/resolver-binding-linux-x64-musl': [ '1.12.2' ],
17 silly audit   '@unrs/resolver-binding-openharmony-arm64': [ '1.12.2' ],
17 silly audit   '@unrs/resolver-binding-wasm32-wasi': [ '1.12.2' ],
17 silly audit   '@unrs/resolver-binding-win32-arm64-msvc': [ '1.12.2' ],
17 silly audit   '@unrs/resolver-binding-win32-ia32-msvc': [ '1.12.2' ],
17 silly audit   '@unrs/resolver-binding-win32-x64-msvc': [ '1.12.2' ],
17 silly audit   '@vitejs/plugin-react': [ '4.4.1' ],
17 silly audit   '@vitest/expect': [ '3.2.7' ],
17 silly audit   '@vitest/mocker': [ '3.2.7' ],
17 silly audit   '@vitest/pretty-format': [ '3.2.7' ],
17 silly audit   '@vitest/runner': [ '3.2.7' ],
17 silly audit   '@vitest/snapshot': [ '3.2.7' ],
17 silly audit   '@vitest/spy': [ '3.2.7' ],
17 silly audit   '@vitest/utils': [ '3.2.7' ],
17 silly audit   acorn: [ '8.17.0' ],
17 silly audit   'acorn-jsx': [ '5.3.2' ],
17 silly audit   'agent-base': [ '7.1.4' ],
17 silly audit   ajv: [ '6.15.0' ],
17 silly audit   'ansi-regex': [ '5.0.1' ],
17 silly audit   'ansi-styles': [ '4.3.0', '5.2.0' ],
17 silly audit   argparse: [ '2.0.1' ],
17 silly audit   'aria-query': [ '5.3.0', '5.3.2' ],
17 silly audit   'array-buffer-byte-length': [ '1.0.2' ],
17 silly audit   'array-includes': [ '3.1.9' ],
17 silly audit   'array.prototype.findlast': [ '1.2.5' ],
17 silly audit   'array.prototype.findlastindex': [ '1.2.6' ],
17 silly audit   'array.prototype.flat': [ '1.3.3' ],
17 silly audit   'array.prototype.flatmap': [ '1.3.3' ],
17 silly audit   'array.prototype.tosorted': [ '1.1.4' ],
17 silly audit   'arraybuffer.prototype.slice': [ '1.0.4' ],
17 silly audit   'assertion-error': [ '2.0.1' ],
17 silly audit   'ast-types-flow': [ '0.0.8' ],
17 silly audit   'async-function': [ '1.0.0' ],
17 silly audit   'available-typed-arrays': [ '1.0.7' ],
17 silly audit   'axe-core': [ '4.12.1' ],
17 silly audit   'axobject-query': [ '4.1.0' ],
17 silly audit   'baseline-browser-mapping': [ '2.10.43' ],
17 silly audit   braces: [ '3.0.3' ],
17 silly audit   browserslist: [ '4.28.6' ],
17 silly audit   cac: [ '6.7.14' ],
17 silly audit   'call-bind': [ '1.0.9' ],
17 silly audit   'call-bind-apply-helpers': [ '1.0.2' ],
17 silly audit   'call-bound': [ '1.0.4' ],
17 silly audit   callsites: [ '3.1.0' ],
17 silly audit   'caniuse-lite': [ '1.0.30001806' ],
17 silly audit   chai: [ '5.3.3' ],
17 silly audit   chalk: [ '3.0.0', '4.1.2' ],
17 silly audit   'check-error': [ '2.1.3' ],
17 silly audit   'client-only': [ '0.0.1' ],
17 silly audit   'color-convert': [ '2.0.1' ],
17 silly audit   'color-name': [ '1.1.4' ],
17 silly audit   'concat-map': [ '0.0.1' ],
17 silly audit   'convert-source-map': [ '2.0.0' ],
17 silly audit   'cross-spawn': [ '7.0.6' ],
17 silly audit   'css.escape': [ '1.5.1' ],
17 silly audit   cssstyle: [ '4.6.0' ],
17 silly audit   csstype: [ '3.2.3' ],
17 silly audit   'damerau-levenshtein': [ '1.0.8' ],
17 silly audit   'data-urls': [ '5.0.0' ],
17 silly audit   'data-view-buffer': [ '1.0.2' ],
17 silly audit   'data-view-byte-length': [ '1.0.2' ],
17 silly audit   'data-view-byte-offset': [ '1.0.1' ],
17 silly audit   debug: [ '4.4.3', '3.2.7' ],
17 silly audit   'decimal.js': [ '10.6.0' ],
17 silly audit   'deep-eql': [ '5.0.2' ],
17 silly audit   'deep-is': [ '0.1.4' ],
17 silly audit   'define-data-property': [ '1.1.4' ],
17 silly audit   'define-properties': [ '1.2.1' ],
17 silly audit   dequal: [ '2.0.3' ],
17 silly audit   'detect-libc': [ '2.1.2' ],
17 silly audit   doctrine: [ '2.1.0' ],
17 silly audit   'dunder-proto': [ '1.0.1' ],
17 silly audit   'electron-to-chromium': [ '1.5.393' ],
17 silly audit   'emoji-regex': [ '9.2.2' ],
17 silly audit   entities: [ '6.0.1' ],
17 silly audit   'es-abstract': [ '1.24.2' ],
17 silly audit   'es-abstract-get': [ '1.0.0' ],
17 silly audit   'es-define-property': [ '1.0.1' ],
17 silly audit   'es-errors': [ '1.3.0' ],
17 silly audit   'es-iterator-helpers': [ '1.4.0' ],
17 silly audit   'es-module-lexer': [ '1.7.0' ],
17 silly audit   'es-object-atoms': [ '1.1.2' ],
17 silly audit   'es-set-tostringtag': [ '2.1.0' ],
17 silly audit   'es-shim-unscopables': [ '1.1.0' ],
17 silly audit   'es-to-primitive': [ '1.3.4' ],
17 silly audit   esbuild: [ '0.25.12' ],
17 silly audit   escalade: [ '3.2.0' ],
17 silly audit   'escape-string-regexp': [ '4.0.0' ],
17 silly audit   eslint: [ '9.39.5' ],
17 silly audit   'eslint-config-next': [ '16.2.11' ],
17 silly audit   globals: [ '16.4.0', '14.0.0' ],
17 silly audit   'eslint-import-resolver-node': [ '0.3.10' ],
17 silly audit   'eslint-import-resolver-typescript': [ '3.10.1' ],
17 silly audit   'eslint-module-utils': [ '2.14.0' ],
17 silly audit   'eslint-plugin-import': [ '2.32.0' ],
17 silly audit   'eslint-plugin-jsx-a11y': [ '6.10.2' ],
17 silly audit   'eslint-plugin-react': [ '7.37.5' ],
17 silly audit   'eslint-plugin-react-hooks': [ '7.1.1' ],
17 silly audit   'eslint-scope': [ '8.4.0' ],
17 silly audit   espree: [ '10.4.0' ],
17 silly audit   esquery: [ '1.7.0' ],
17 silly audit   esrecurse: [ '4.3.0' ],
17 silly audit   estraverse: [ '5.3.0' ],
17 silly audit   'estree-walker': [ '3.0.3' ],
17 silly audit   esutils: [ '2.0.3' ],
17 silly audit   'expect-type': [ '1.4.0' ],
17 silly audit   'fake-indexeddb': [ '6.2.5' ],
17 silly audit   'fast-deep-equal': [ '3.1.3' ],
17 silly audit   'fast-glob': [ '3.3.1' ],
17 silly audit   'glob-parent': [ '5.1.2', '6.0.2' ],
17 silly audit   'fast-json-stable-stringify': [ '2.1.0' ],
17 silly audit   'fast-levenshtein': [ '2.0.6' ],
17 silly audit   fastq: [ '1.20.1' ],
17 silly audit   'file-entry-cache': [ '8.0.0' ],
17 silly audit   'fill-range': [ '7.1.1' ],
17 silly audit   'find-up': [ '5.0.0' ],
17 silly audit   'flat-cache': [ '4.0.1' ],
17 silly audit   flatted: [ '3.4.2' ],
17 silly audit   'for-each': [ '0.3.5' ],
17 silly audit   fsevents: [ '2.3.3' ],
17 silly audit   'function-bind': [ '1.1.2' ],
17 silly audit   'function.prototype.name': [ '1.2.0' ],
17 silly audit   'functions-have-names': [ '1.2.3' ],
17 silly audit   'generator-function': [ '2.0.1' ],
17 silly audit   gensync: [ '1.0.0-beta.2' ],
17 silly audit   'get-intrinsic': [ '1.3.0' ],
17 silly audit   'get-proto': [ '1.0.1' ],
17 silly audit   'get-symbol-description': [ '1.1.0' ],
17 silly audit   'get-tsconfig': [ '4.14.0' ],
17 silly audit   globalthis: [ '1.0.4' ],
17 silly audit   gopd: [ '1.2.0' ],
17 silly audit   'has-bigints': [ '1.1.0' ],
17 silly audit   'has-flag': [ '4.0.0' ],
17 silly audit   'has-property-descriptors': [ '1.0.2' ],
17 silly audit   'has-proto': [ '1.2.0' ],
17 silly audit   'has-symbols': [ '1.1.0' ],
17 silly audit   'has-tostringtag': [ '1.0.2' ],
17 silly audit   hasown: [ '2.0.4' ],
17 silly audit   'hermes-estree': [ '0.25.1' ],
17 silly audit   'hermes-parser': [ '0.25.1' ],
17 silly audit   'html-encoding-sniffer': [ '4.0.0' ],
17 silly audit   'http-proxy-agent': [ '7.0.2' ],
17 silly audit   'https-proxy-agent': [ '7.0.6' ],
17 silly audit   'iconv-lite': [ '0.6.3' ],
17 silly audit   'import-fresh': [ '3.3.1' ],
17 silly audit   imurmurhash: [ '0.1.4' ],
17 silly audit   'indent-string': [ '4.0.0' ],
17 silly audit   'internal-slot': [ '1.1.0' ],
17 silly audit   'ipaddr.js': [ '2.2.0' ],
17 silly audit   'is-array-buffer': [ '3.0.5' ],
17 silly audit   'is-async-function': [ '2.1.1' ],
17 silly audit   'is-bigint': [ '1.1.0' ],
17 silly audit   'is-boolean-object': [ '1.2.2' ],
17 silly audit   'is-bun-module': [ '2.0.0' ],
17 silly audit   'is-callable': [ '1.2.7' ],
17 silly audit   'is-core-module': [ '2.16.2' ],
17 silly audit   'is-data-view': [ '1.0.2' ],
17 silly audit   'is-date-object': [ '1.1.0' ],
17 silly audit   'is-document.all': [ '1.0.0' ],
17 silly audit   'is-extglob': [ '2.1.1' ],
17 silly audit   'is-finalizationregistry': [ '1.1.1' ],
17 silly audit   'is-generator-function': [ '1.1.2' ],
17 silly audit   'is-glob': [ '4.0.3' ],
17 silly audit   'is-map': [ '2.0.3' ],
17 silly audit   'is-negative-zero': [ '2.0.3' ],
17 silly audit   'is-number': [ '7.0.0' ],
17 silly audit   'is-number-object': [ '1.1.1' ],
17 silly audit   'is-potential-custom-element-name': [ '1.0.1' ],
17 silly audit   'is-regex': [ '1.2.1' ],
17 silly audit   'is-set': [ '2.0.3' ],
17 silly audit   'is-shared-array-buffer': [ '1.0.4' ],
17 silly audit   'is-string': [ '1.1.1' ],
17 silly audit   'is-symbol': [ '1.1.1' ],
17 silly audit   'is-typed-array': [ '1.1.15' ],
17 silly audit   'is-weakmap': [ '2.0.2' ],
17 silly audit   'is-weakref': [ '1.1.1' ],
17 silly audit   'is-weakset': [ '2.0.4' ],
17 silly audit   isarray: [ '2.0.5' ],
17 silly audit   isexe: [ '2.0.0' ],
17 silly audit   'iterator.prototype': [ '1.1.5' ],
17 silly audit   'js-tokens': [ '4.0.0', '9.0.1' ],
17 silly audit   'js-yaml': [ '4.3.0' ],
17 silly audit   jsdom: [ '26.1.0' ],
17 silly audit   jsesc: [ '3.1.0' ],
17 silly audit   'json-buffer': [ '3.0.1' ],
17 silly audit   'json-schema-traverse': [ '0.4.1' ],
17 silly audit   'json-stable-stringify-without-jsonify': [ '1.0.1' ],
17 silly audit   json5: [ '2.2.3', '1.0.2' ],
17 silly audit   'jsx-ast-utils': [ '3.3.5' ],
17 silly audit   keyv: [ '4.5.4' ],
17 silly audit   'language-subtag-registry': [ '0.3.23' ],
17 silly audit   'language-tags': [ '1.0.9' ],
17 silly audit   levn: [ '0.4.1' ],
17 silly audit   'locate-path': [ '6.0.0' ],
17 silly audit   lodash: [ '4.18.1' ],
17 silly audit   'lodash.merge': [ '4.6.2' ],
17 silly audit   'loose-envify': [ '1.4.0' ],
17 silly audit   loupe: [ '3.2.1' ],
17 silly audit   'lz-string': [ '1.5.0' ],
17 silly audit   'magic-string': [ '0.30.21' ],
17 silly audit   'math-intrinsics': [ '1.1.0' ],
17 silly audit   merge2: [ '1.4.1' ],
17 silly audit   micromatch: [ '4.0.8' ],
17 silly audit   'min-indent': [ '1.0.1' ],
17 silly audit   minimist: [ '1.2.8' ],
17 silly audit   ms: [ '2.1.3' ],
17 silly audit   nanoid: [ '3.3.16' ],
17 silly audit   'napi-postinstall': [ '0.3.4' ],
17 silly audit   'natural-compare': [ '1.4.0' ],
17 silly audit   next: [ '16.2.11' ],
17 silly audit   'node-exports-info': [ '1.6.2' ],
17 silly audit   'node-releases': [ '2.0.51' ],
17 silly audit   nwsapi: [ '2.2.24' ],
17 silly audit   'object-assign': [ '4.1.1' ],
17 silly audit   'object-inspect': [ '1.13.4' ],
17 silly audit   'object-keys': [ '1.1.1' ],
17 silly audit   'object.assign': [ '4.1.7' ],
17 silly audit   'object.entries': [ '1.1.9' ],
17 silly audit   'object.fromentries': [ '2.0.8' ],
17 silly audit   'object.groupby': [ '1.0.3' ],
17 silly audit   'object.values': [ '1.2.1' ],
17 silly audit   optionator: [ '0.9.4' ],
17 silly audit   'own-keys': [ '1.0.1' ],
17 silly audit   'p-limit': [ '3.1.0' ],
17 silly audit   'p-locate': [ '5.0.0' ],
17 silly audit   'parent-module': [ '1.0.1' ],
17 silly audit   parse5: [ '7.3.0' ],
17 silly audit   'path-exists': [ '4.0.0' ],
17 silly audit   'path-key': [ '3.1.1' ],
17 silly audit   'path-parse': [ '1.0.7' ],
17 silly audit   pathe: [ '2.0.3' ],
17 silly audit   pathval: [ '2.0.1' ],
17 silly audit   'pg-int8': [ '1.0.1' ],
17 silly audit   'pg-protocol': [ '1.15.0' ],
17 silly audit   'pg-types': [ '2.2.0' ],
17 silly audit   picocolors: [ '1.1.1' ],
17 silly audit   picomatch: [ '2.3.2', '4.0.5' ],
17 silly audit   'possible-typed-array-names': [ '1.1.0' ],
17 silly audit   postcss: [ '8.5.19' ],
17 silly audit   postgres: [ '3.4.7' ],
17 silly audit   'postgres-array': [ '2.0.0' ],
17 silly audit   'postgres-bytea': [ '1.0.1' ],
17 silly audit   'postgres-date': [ '1.0.7' ],
17 silly audit   'postgres-interval': [ '1.2.0' ],
17 silly audit   'prelude-ls': [ '1.2.1' ],
17 silly audit   'pretty-format': [ '27.5.1' ],
17 silly audit   'prop-types': [ '15.8.1' ],
17 silly audit   'react-is': [ '16.13.1', '17.0.2' ],
17 silly audit   punycode: [ '2.3.1' ],
17 silly audit   'queue-microtask': [ '1.2.3' ],
17 silly audit   react: [ '19.2.0' ],
17 silly audit   'react-dom': [ '19.2.0' ],
17 silly audit   'react-refresh': [ '0.17.0' ],
17 silly audit   redent: [ '3.0.0' ],
17 silly audit   'reflect.getprototypeof': [ '1.0.10' ],
17 silly audit   'regexp.prototype.flags': [ '1.5.4' ],
17 silly audit   resolve: [ '2.0.0-next.7' ],
17 silly audit   'resolve-from': [ '4.0.0' ],
17 silly audit   'resolve-pkg-maps': [ '1.0.0' ],
17 silly audit   reusify: [ '1.1.0' ],
17 silly audit   rollup: [ '4.62.2' ],
17 silly audit   'rrweb-cssom': [ '0.8.0' ],
17 silly audit   'run-parallel': [ '1.2.0' ],
17 silly audit   'safe-array-concat': [ '1.1.4' ],
17 silly audit   'safe-push-apply': [ '1.0.0' ],
17 silly audit   'safe-regex-test': [ '1.1.0' ],
17 silly audit   'safer-buffer': [ '2.1.2' ],
17 silly audit   saxes: [ '6.0.0' ],
17 silly audit   scheduler: [ '0.27.0' ],
17 silly audit   'server-only': [ '0.0.1' ],
17 silly audit   'set-function-length': [ '1.2.2' ],
17 silly audit   'set-function-name': [ '2.0.2' ],
17 silly audit   'set-proto': [ '1.0.0' ],
17 silly audit   sharp: [ '0.35.3' ],
17 silly audit   'shebang-command': [ '2.0.0' ],
17 silly audit   'shebang-regex': [ '3.0.0' ],
17 silly audit   'side-channel': [ '1.1.1' ],
17 silly audit   'side-channel-list': [ '1.0.1' ],
17 silly audit   'side-channel-map': [ '1.0.1' ],
17 silly audit   'side-channel-weakmap': [ '1.0.2' ],
17 silly audit   siginfo: [ '2.0.0' ],
17 silly audit   'source-map-js': [ '1.2.1' ],
17 silly audit   'stable-hash': [ '0.0.5' ],
17 silly audit   stackback: [ '0.0.2' ],
17 silly audit   'std-env': [ '3.10.0' ],
17 silly audit   'stop-iteration-iterator': [ '1.1.0' ],
17 silly audit   'string.prototype.includes': [ '2.0.1' ],
17 silly audit   'string.prototype.matchall': [ '4.0.12' ],
17 silly audit   'string.prototype.repeat': [ '1.0.0' ],
17 silly audit   'string.prototype.trim': [ '1.2.11' ],
17 silly audit   'string.prototype.trimend': [ '1.0.10' ],
17 silly audit   'string.prototype.trimstart': [ '1.0.8' ],
17 silly audit   'strip-bom': [ '3.0.0' ],
17 silly audit   'strip-indent': [ '3.0.0' ],
17 silly audit   'strip-json-comments': [ '3.1.1' ],
17 silly audit   'strip-literal': [ '3.1.0' ],
17 silly audit   'styled-jsx': [ '5.1.6' ],
17 silly audit   'supports-color': [ '7.2.0' ],
17 silly audit   'supports-preserve-symlinks-flag': [ '1.0.0' ],
17 silly audit   'symbol-tree': [ '3.2.4' ],
17 silly audit   tinybench: [ '2.9.0' ],
17 silly audit   tinyexec: [ '0.3.2' ],
17 silly audit   tinyglobby: [ '0.2.17' ],
17 silly audit   fdir: [ '6.5.0' ],
17 silly audit   tinypool: [ '1.1.1' ],
17 silly audit   tinyrainbow: [ '2.0.0' ],
17 silly audit   tinyspy: [ '4.0.4' ],
17 silly audit   tldts: [ '6.1.86' ],
17 silly audit   'tldts-core': [ '6.1.86' ],
17 silly audit   'to-regex-range': [ '5.0.1' ],
17 silly audit   'tough-cookie': [ '5.1.2' ],
17 silly audit   tr46: [ '5.1.1' ],
17 silly audit   'ts-api-utils': [ '2.5.0' ],
17 silly audit   'tsconfig-paths': [ '3.15.0' ],
17 silly audit   tslib: [ '2.8.1' ],
17 silly audit   tsx: [ '4.19.3' ],
17 silly audit   'type-check': [ '0.4.0' ],
17 silly audit   'typed-array-buffer': [ '1.0.3' ],
17 silly audit   'typed-array-byte-length': [ '1.0.3' ],
17 silly audit   'typed-array-byte-offset': [ '1.0.4' ],
17 silly audit   'typed-array-length': [ '1.0.8' ],
17 silly audit   typescript: [ '5.8.3' ],
17 silly audit   'typescript-eslint': [ '8.64.0' ],
17 silly audit   'unbox-primitive': [ '1.1.0' ],
17 silly audit   'undici-types': [ '6.21.0' ],
17 silly audit   'unrs-resolver': [ '1.12.2' ],
17 silly audit   'update-browserslist-db': [ '1.2.3' ],
17 silly audit   'uri-js': [ '4.4.1' ],
17 silly audit   vite: [ '6.4.3' ],
17 silly audit   'vite-node': [ '3.2.4' ],
17 silly audit   vitest: [ '3.2.7' ],
17 silly audit   'w3c-xmlserializer': [ '5.0.0' ],
17 silly audit   'webidl-conversions': [ '7.0.0' ],
17 silly audit   'whatwg-encoding': [ '3.1.1' ],
17 silly audit   'whatwg-mimetype': [ '4.0.0' ],
17 silly audit   'whatwg-url': [ '14.2.0' ],
17 silly audit   which: [ '2.0.2' ],
17 silly audit   'which-boxed-primitive': [ '1.1.1' ],
17 silly audit   'which-builtin-type': [ '1.2.1' ],
17 silly audit   'which-collection': [ '1.0.2' ],
17 silly audit   'which-typed-array': [ '1.1.22' ],
17 silly audit   'why-is-node-running': [ '2.3.0' ],
17 silly audit   'word-wrap': [ '1.2.5' ],
17 silly audit   ws: [ '8.21.1' ],
17 silly audit   'xml-name-validator': [ '5.0.0' ],
17 silly audit   xmlchars: [ '2.2.0' ],
17 silly audit   xtend: [ '4.0.2' ],
17 silly audit   yallist: [ '3.1.1' ],
17 silly audit   'yocto-queue': [ '0.1.0' ],
17 silly audit   zod: [ '4.1.5' ],
17 silly audit   'zod-validation-error': [ '4.0.2' ]
17 silly audit }
18 http cache zod@https://registry.npmjs.org/zod/-/zod-4.1.5.tgz 0ms (cache hit)
19 http cache zod-validation-error@https://registry.npmjs.org/zod-validation-error/-/zod-validation-error-4.0.2.tgz 0ms (cache hit)
20 http cache yocto-queue@https://registry.npmjs.org/yocto-queue/-/yocto-queue-0.1.0.tgz 0ms (cache hit)
21 http cache xtend@https://registry.npmjs.org/xtend/-/xtend-4.0.2.tgz 0ms (cache hit)
22 http cache yallist@https://registry.npmjs.org/yallist/-/yallist-3.1.1.tgz 0ms (cache hit)
23 http cache xml-name-validator@https://registry.npmjs.org/xml-name-validator/-/xml-name-validator-5.0.0.tgz 0ms (cache hit)
24 http cache ws@https://registry.npmjs.org/ws/-/ws-8.21.1.tgz 0ms (cache hit)
25 http cache xmlchars@https://registry.npmjs.org/xmlchars/-/xmlchars-2.2.0.tgz 1ms (cache hit)
26 http cache why-is-node-running@https://registry.npmjs.org/why-is-node-running/-/why-is-node-running-2.3.0.tgz 0ms (cache hit)
27 http cache word-wrap@https://registry.npmjs.org/word-wrap/-/word-wrap-1.2.5.tgz 0ms (cache hit)
28 http cache which-typed-array@https://registry.npmjs.org/which-typed-array/-/which-typed-array-1.1.22.tgz 0ms (cache hit)
29 http cache which-collection@https://registry.npmjs.org/which-collection/-/which-collection-1.0.2.tgz 0ms (cache hit)
30 http cache which-builtin-type@https://registry.npmjs.org/which-builtin-type/-/which-builtin-type-1.2.1.tgz 0ms (cache hit)
31 http cache which-boxed-primitive@https://registry.npmjs.org/which-boxed-primitive/-/which-boxed-primitive-1.1.1.tgz 0ms (cache hit)
32 http cache whatwg-mimetype@https://registry.npmjs.org/whatwg-mimetype/-/whatwg-mimetype-4.0.0.tgz 0ms (cache hit)
33 http cache whatwg-url@https://registry.npmjs.org/whatwg-url/-/whatwg-url-14.2.0.tgz 0ms (cache hit)
34 http cache which@https://registry.npmjs.org/which/-/which-2.0.2.tgz 0ms (cache hit)
35 http cache webidl-conversions@https://registry.npmjs.org/webidl-conversions/-/webidl-conversions-7.0.0.tgz 0ms (cache hit)
36 http cache whatwg-encoding@https://registry.npmjs.org/whatwg-encoding/-/whatwg-encoding-3.1.1.tgz 0ms (cache hit)
37 http cache w3c-xmlserializer@https://registry.npmjs.org/w3c-xmlserializer/-/w3c-xmlserializer-5.0.0.tgz 0ms (cache hit)
38 http cache vite-node@https://registry.npmjs.org/vite-node/-/vite-node-3.2.4.tgz 0ms (cache hit)
39 http cache vitest@https://registry.npmjs.org/vitest/-/vitest-3.2.7.tgz 0ms (cache hit)
40 http cache vite@https://registry.npmjs.org/vite/-/vite-6.4.3.tgz 0ms (cache hit)
41 http cache uri-js@https://registry.npmjs.org/uri-js/-/uri-js-4.4.1.tgz 0ms (cache hit)
42 http cache unrs-resolver@https://registry.npmjs.org/unrs-resolver/-/unrs-resolver-1.12.2.tgz 0ms (cache hit)
43 http cache unbox-primitive@https://registry.npmjs.org/unbox-primitive/-/unbox-primitive-1.1.0.tgz 0ms (cache hit)
44 http cache update-browserslist-db@https://registry.npmjs.org/update-browserslist-db/-/update-browserslist-db-1.2.3.tgz 0ms (cache hit)
45 http cache undici-types@https://registry.npmjs.org/undici-types/-/undici-types-6.21.0.tgz 0ms (cache hit)
46 http cache typescript@https://registry.npmjs.org/typescript/-/typescript-5.8.3.tgz 0ms (cache hit)
47 http cache typescript-eslint@https://registry.npmjs.org/typescript-eslint/-/typescript-eslint-8.64.0.tgz 0ms (cache hit)
48 http cache typed-array-length@https://registry.npmjs.org/typed-array-length/-/typed-array-length-1.0.8.tgz 0ms (cache hit)
49 http cache typed-array-byte-offset@https://registry.npmjs.org/typed-array-byte-offset/-/typed-array-byte-offset-1.0.4.tgz 0ms (cache hit)
50 http cache typed-array-byte-length@https://registry.npmjs.org/typed-array-byte-length/-/typed-array-byte-length-1.0.3.tgz 0ms (cache hit)
51 http cache typed-array-buffer@https://registry.npmjs.org/typed-array-buffer/-/typed-array-buffer-1.0.3.tgz 0ms (cache hit)
52 http cache type-check@https://registry.npmjs.org/type-check/-/type-check-0.4.0.tgz 0ms (cache hit)
53 http cache tsconfig-paths@https://registry.npmjs.org/tsconfig-paths/-/tsconfig-paths-3.15.0.tgz 0ms (cache hit)
54 http cache tslib@https://registry.npmjs.org/tslib/-/tslib-2.8.1.tgz 0ms (cache hit)
55 http cache ts-api-utils@https://registry.npmjs.org/ts-api-utils/-/ts-api-utils-2.5.0.tgz 0ms (cache hit)
56 http cache tsx@https://registry.npmjs.org/tsx/-/tsx-4.19.3.tgz 0ms (cache hit)
57 http cache tldts-core@https://registry.npmjs.org/tldts-core/-/tldts-core-6.1.86.tgz 0ms (cache hit)
58 http cache tr46@https://registry.npmjs.org/tr46/-/tr46-5.1.1.tgz 0ms (cache hit)
59 http cache tough-cookie@https://registry.npmjs.org/tough-cookie/-/tough-cookie-5.1.2.tgz 0ms (cache hit)
60 http cache to-regex-range@https://registry.npmjs.org/to-regex-range/-/to-regex-range-5.0.1.tgz 0ms (cache hit)
61 http cache tldts@https://registry.npmjs.org/tldts/-/tldts-6.1.86.tgz 0ms (cache hit)
62 http cache tinyspy@https://registry.npmjs.org/tinyspy/-/tinyspy-4.0.4.tgz 0ms (cache hit)
63 http cache tinyrainbow@https://registry.npmjs.org/tinyrainbow/-/tinyrainbow-2.0.0.tgz 0ms (cache hit)
64 http cache tinyglobby@https://registry.npmjs.org/tinyglobby/-/tinyglobby-0.2.17.tgz 0ms (cache hit)
65 http cache tinypool@https://registry.npmjs.org/tinypool/-/tinypool-1.1.1.tgz 0ms (cache hit)
66 http cache tinyexec@https://registry.npmjs.org/tinyexec/-/tinyexec-0.3.2.tgz 0ms (cache hit)
67 http cache tinybench@https://registry.npmjs.org/tinybench/-/tinybench-2.9.0.tgz 0ms (cache hit)
68 http cache symbol-tree@https://registry.npmjs.org/symbol-tree/-/symbol-tree-3.2.4.tgz 0ms (cache hit)
69 http cache supports-preserve-symlinks-flag@https://registry.npmjs.org/supports-preserve-symlinks-flag/-/supports-preserve-symlinks-flag-1.0.0.tgz 0ms (cache hit)
70 http cache styled-jsx@https://registry.npmjs.org/styled-jsx/-/styled-jsx-5.1.6.tgz 0ms (cache hit)
71 http cache strip-json-comments@https://registry.npmjs.org/strip-json-comments/-/strip-json-comments-3.1.1.tgz 0ms (cache hit)
72 http cache strip-literal@https://registry.npmjs.org/strip-literal/-/strip-literal-3.1.0.tgz 0ms (cache hit)
73 http cache strip-indent@https://registry.npmjs.org/strip-indent/-/strip-indent-3.0.0.tgz 0ms (cache hit)
74 http cache strip-bom@https://registry.npmjs.org/strip-bom/-/strip-bom-3.0.0.tgz 0ms (cache hit)
75 http cache string.prototype.trimstart@https://registry.npmjs.org/string.prototype.trimstart/-/string.prototype.trimstart-1.0.8.tgz 0ms (cache hit)
76 http cache string.prototype.trimend@https://registry.npmjs.org/string.prototype.trimend/-/string.prototype.trimend-1.0.10.tgz 0ms (cache hit)
77 http cache string.prototype.trim@https://registry.npmjs.org/string.prototype.trim/-/string.prototype.trim-1.2.11.tgz 0ms (cache hit)
78 http cache string.prototype.repeat@https://registry.npmjs.org/string.prototype.repeat/-/string.prototype.repeat-1.0.0.tgz 0ms (cache hit)
79 http cache string.prototype.matchall@https://registry.npmjs.org/string.prototype.matchall/-/string.prototype.matchall-4.0.12.tgz 0ms (cache hit)
80 http cache string.prototype.includes@https://registry.npmjs.org/string.prototype.includes/-/string.prototype.includes-2.0.1.tgz 0ms (cache hit)
81 http cache stop-iteration-iterator@https://registry.npmjs.org/stop-iteration-iterator/-/stop-iteration-iterator-1.1.0.tgz 0ms (cache hit)
82 http cache std-env@https://registry.npmjs.org/std-env/-/std-env-3.10.0.tgz 0ms (cache hit)
83 http cache stackback@https://registry.npmjs.org/stackback/-/stackback-0.0.2.tgz 0ms (cache hit)
84 http cache stable-hash@https://registry.npmjs.org/stable-hash/-/stable-hash-0.0.5.tgz 0ms (cache hit)
85 http cache siginfo@https://registry.npmjs.org/siginfo/-/siginfo-2.0.0.tgz 0ms (cache hit)
86 http cache supports-color@https://registry.npmjs.org/supports-color/-/supports-color-7.2.0.tgz 0ms (cache hit)
87 http cache source-map-js@https://registry.npmjs.org/source-map-js/-/source-map-js-1.2.1.tgz 0ms (cache hit)
88 http cache side-channel-weakmap@https://registry.npmjs.org/side-channel-weakmap/-/side-channel-weakmap-1.0.2.tgz 0ms (cache hit)
89 http cache side-channel-map@https://registry.npmjs.org/side-channel-map/-/side-channel-map-1.0.1.tgz 0ms (cache hit)
90 http cache side-channel-list@https://registry.npmjs.org/side-channel-list/-/side-channel-list-1.0.1.tgz 0ms (cache hit)
91 http cache shebang-regex@https://registry.npmjs.org/shebang-regex/-/shebang-regex-3.0.0.tgz 0ms (cache hit)
92 http cache side-channel@https://registry.npmjs.org/side-channel/-/side-channel-1.1.1.tgz 0ms (cache hit)
93 http cache shebang-command@https://registry.npmjs.org/shebang-command/-/shebang-command-2.0.0.tgz 0ms (cache hit)
94 http cache set-proto@https://registry.npmjs.org/set-proto/-/set-proto-1.0.0.tgz 0ms (cache hit)
95 http cache sharp@https://registry.npmjs.org/sharp/-/sharp-0.35.3.tgz 0ms (cache hit)
96 http cache set-function-name@https://registry.npmjs.org/set-function-name/-/set-function-name-2.0.2.tgz 0ms (cache hit)
97 http cache semver@https://registry.npmjs.org/semver/-/semver-7.8.5.tgz 0ms (cache hit)
98 http cache server-only@https://registry.npmjs.org/server-only/-/server-only-0.0.1.tgz 0ms (cache hit)
99 http cache set-function-length@https://registry.npmjs.org/set-function-length/-/set-function-length-1.2.2.tgz 0ms (cache hit)
100 http cache scheduler@https://registry.npmjs.org/scheduler/-/scheduler-0.27.0.tgz 0ms (cache hit)
101 http cache safer-buffer@https://registry.npmjs.org/safer-buffer/-/safer-buffer-2.1.2.tgz 0ms (cache hit)
102 http cache saxes@https://registry.npmjs.org/saxes/-/saxes-6.0.0.tgz 0ms (cache hit)
103 http cache safe-array-concat@https://registry.npmjs.org/safe-array-concat/-/safe-array-concat-1.1.4.tgz 0ms (cache hit)
104 http cache safe-regex-test@https://registry.npmjs.org/safe-regex-test/-/safe-regex-test-1.1.0.tgz 0ms (cache hit)
105 http cache safe-push-apply@https://registry.npmjs.org/safe-push-apply/-/safe-push-apply-1.0.0.tgz 0ms (cache hit)
106 http cache run-parallel@https://registry.npmjs.org/run-parallel/-/run-parallel-1.2.0.tgz 0ms (cache hit)
107 http cache rrweb-cssom@https://registry.npmjs.org/rrweb-cssom/-/rrweb-cssom-0.8.0.tgz 0ms (cache hit)
108 http cache rollup@https://registry.npmjs.org/rollup/-/rollup-4.62.2.tgz 0ms (cache hit)
109 http cache reusify@https://registry.npmjs.org/reusify/-/reusify-1.1.0.tgz 0ms (cache hit)
110 http cache resolve-pkg-maps@https://registry.npmjs.org/resolve-pkg-maps/-/resolve-pkg-maps-1.0.0.tgz 0ms (cache hit)
111 http cache resolve-from@https://registry.npmjs.org/resolve-from/-/resolve-from-4.0.0.tgz 0ms (cache hit)
112 http cache resolve@https://registry.npmjs.org/resolve/-/resolve-2.0.0-next.7.tgz 0ms (cache hit)
113 http cache regexp.prototype.flags@https://registry.npmjs.org/regexp.prototype.flags/-/regexp.prototype.flags-1.5.4.tgz 0ms (cache hit)
114 http cache redent@https://registry.npmjs.org/redent/-/redent-3.0.0.tgz 0ms (cache hit)
115 http cache react-refresh@https://registry.npmjs.org/react-refresh/-/react-refresh-0.17.0.tgz 0ms (cache hit)
116 http cache react-dom@https://registry.npmjs.org/react-dom/-/react-dom-19.2.0.tgz 0ms (cache hit)
117 http cache reflect.getprototypeof@https://registry.npmjs.org/reflect.getprototypeof/-/reflect.getprototypeof-1.0.10.tgz 0ms (cache hit)
118 http cache react-is@https://registry.npmjs.org/react-is/-/react-is-17.0.2.tgz 0ms (cache hit)
119 http cache queue-microtask@https://registry.npmjs.org/queue-microtask/-/queue-microtask-1.2.3.tgz 0ms (cache hit)
120 http cache react@https://registry.npmjs.org/react/-/react-19.2.0.tgz 0ms (cache hit)
121 http cache punycode@https://registry.npmjs.org/punycode/-/punycode-2.3.1.tgz 0ms (cache hit)
122 http cache prop-types@https://registry.npmjs.org/prop-types/-/prop-types-15.8.1.tgz 0ms (cache hit)
123 http cache prelude-ls@https://registry.npmjs.org/prelude-ls/-/prelude-ls-1.2.1.tgz 0ms (cache hit)
124 http cache pretty-format@https://registry.npmjs.org/pretty-format/-/pretty-format-27.5.1.tgz 0ms (cache hit)
125 http cache postgres-interval@https://registry.npmjs.org/postgres-interval/-/postgres-interval-1.2.0.tgz 0ms (cache hit)
126 http cache postgres-date@https://registry.npmjs.org/postgres-date/-/postgres-date-1.0.7.tgz 0ms (cache hit)
127 http cache postgres-bytea@https://registry.npmjs.org/postgres-bytea/-/postgres-bytea-1.0.1.tgz 0ms (cache hit)
128 http cache postgres-array@https://registry.npmjs.org/postgres-array/-/postgres-array-2.0.0.tgz 0ms (cache hit)
129 http cache postgres@https://registry.npmjs.org/postgres/-/postgres-3.4.7.tgz 0ms (cache hit)
130 http cache postcss@https://registry.npmjs.org/postcss/-/postcss-8.5.19.tgz 0ms (cache hit)
131 http cache possible-typed-array-names@https://registry.npmjs.org/possible-typed-array-names/-/possible-typed-array-names-1.1.0.tgz 0ms (cache hit)
132 http cache picomatch@https://registry.npmjs.org/picomatch/-/picomatch-2.3.2.tgz 0ms (cache hit)
133 http cache picocolors@https://registry.npmjs.org/picocolors/-/picocolors-1.1.1.tgz 0ms (cache hit)
134 http cache pg-types@https://registry.npmjs.org/pg-types/-/pg-types-2.2.0.tgz 0ms (cache hit)
135 http cache pg-int8@https://registry.npmjs.org/pg-int8/-/pg-int8-1.0.1.tgz 0ms (cache hit)
136 http cache pg-protocol@https://registry.npmjs.org/pg-protocol/-/pg-protocol-1.15.0.tgz 0ms (cache hit)
137 http cache pathe@https://registry.npmjs.org/pathe/-/pathe-2.0.3.tgz 0ms (cache hit)
138 http cache pathval@https://registry.npmjs.org/pathval/-/pathval-2.0.1.tgz 0ms (cache hit)
139 http cache path-key@https://registry.npmjs.org/path-key/-/path-key-3.1.1.tgz 0ms (cache hit)
140 http cache path-parse@https://registry.npmjs.org/path-parse/-/path-parse-1.0.7.tgz 0ms (cache hit)
141 http cache parse5@https://registry.npmjs.org/parse5/-/parse5-7.3.0.tgz 0ms (cache hit)
142 http cache parent-module@https://registry.npmjs.org/parent-module/-/parent-module-1.0.1.tgz 0ms (cache hit)
143 http cache p-limit@https://registry.npmjs.org/p-limit/-/p-limit-3.1.0.tgz 0ms (cache hit)
144 http cache path-exists@https://registry.npmjs.org/path-exists/-/path-exists-4.0.0.tgz 0ms (cache hit)
145 http cache p-locate@https://registry.npmjs.org/p-locate/-/p-locate-5.0.0.tgz 0ms (cache hit)
146 http cache own-keys@https://registry.npmjs.org/own-keys/-/own-keys-1.0.1.tgz 0ms (cache hit)
147 http cache optionator@https://registry.npmjs.org/optionator/-/optionator-0.9.4.tgz 0ms (cache hit)
148 http cache object.values@https://registry.npmjs.org/object.values/-/object.values-1.2.1.tgz 0ms (cache hit)
149 http cache object.groupby@https://registry.npmjs.org/object.groupby/-/object.groupby-1.0.3.tgz 0ms (cache hit)
150 http cache object.assign@https://registry.npmjs.org/object.assign/-/object.assign-4.1.7.tgz 0ms (cache hit)
151 http cache object.entries@https://registry.npmjs.org/object.entries/-/object.entries-1.1.9.tgz 0ms (cache hit)
152 http cache object-keys@https://registry.npmjs.org/object-keys/-/object-keys-1.1.1.tgz 0ms (cache hit)
153 http cache object-inspect@https://registry.npmjs.org/object-inspect/-/object-inspect-1.13.4.tgz 0ms (cache hit)
154 http cache object-assign@https://registry.npmjs.org/object-assign/-/object-assign-4.1.1.tgz 0ms (cache hit)
155 http cache nwsapi@https://registry.npmjs.org/nwsapi/-/nwsapi-2.2.24.tgz 0ms (cache hit)
156 http cache node-releases@https://registry.npmjs.org/node-releases/-/node-releases-2.0.51.tgz 0ms (cache hit)
157 http cache node-exports-info@https://registry.npmjs.org/node-exports-info/-/node-exports-info-1.6.2.tgz 0ms (cache hit)
158 http cache next@https://registry.npmjs.org/next/-/next-16.2.11.tgz 0ms (cache hit)
159 http cache napi-postinstall@https://registry.npmjs.org/napi-postinstall/-/napi-postinstall-0.3.4.tgz 0ms (cache hit)
160 http cache natural-compare@https://registry.npmjs.org/natural-compare/-/natural-compare-1.4.0.tgz 0ms (cache hit)
161 http cache nanoid@https://registry.npmjs.org/nanoid/-/nanoid-3.3.16.tgz 0ms (cache hit)
162 http cache ms@https://registry.npmjs.org/ms/-/ms-2.1.3.tgz 0ms (cache hit)
163 http cache minimatch@https://registry.npmjs.org/minimatch/-/minimatch-3.1.5.tgz 0ms (cache hit)
164 http cache minimist@https://registry.npmjs.org/minimist/-/minimist-1.2.8.tgz 0ms (cache hit)
165 http cache min-indent@https://registry.npmjs.org/min-indent/-/min-indent-1.0.1.tgz 0ms (cache hit)
166 http cache micromatch@https://registry.npmjs.org/micromatch/-/micromatch-4.0.8.tgz 0ms (cache hit)
167 http cache merge2@https://registry.npmjs.org/merge2/-/merge2-1.4.1.tgz 0ms (cache hit)
168 http cache math-intrinsics@https://registry.npmjs.org/math-intrinsics/-/math-intrinsics-1.1.0.tgz 0ms (cache hit)
169 http cache magic-string@https://registry.npmjs.org/magic-string/-/magic-string-0.30.21.tgz 0ms (cache hit)
170 http cache lz-string@https://registry.npmjs.org/lz-string/-/lz-string-1.5.0.tgz 0ms (cache hit)
171 http cache lru-cache@https://registry.npmjs.org/lru-cache/-/lru-cache-5.1.1.tgz 0ms (cache hit)
172 http cache loupe@https://registry.npmjs.org/loupe/-/loupe-3.2.1.tgz 0ms (cache hit)
173 http cache loose-envify@https://registry.npmjs.org/loose-envify/-/loose-envify-1.4.0.tgz 0ms (cache hit)
174 http cache lodash.merge@https://registry.npmjs.org/lodash.merge/-/lodash.merge-4.6.2.tgz 0ms (cache hit)
175 http cache lodash@https://registry.npmjs.org/lodash/-/lodash-4.18.1.tgz 0ms (cache hit)
176 http cache locate-path@https://registry.npmjs.org/locate-path/-/locate-path-6.0.0.tgz 0ms (cache hit)
177 http cache language-tags@https://registry.npmjs.org/language-tags/-/language-tags-1.0.9.tgz 0ms (cache hit)
178 http cache levn@https://registry.npmjs.org/levn/-/levn-0.4.1.tgz 0ms (cache hit)
179 http cache language-subtag-registry@https://registry.npmjs.org/language-subtag-registry/-/language-subtag-registry-0.3.23.tgz 0ms (cache hit)
180 http cache object.fromentries@https://registry.npmjs.org/object.fromentries/-/object.fromentries-2.0.8.tgz 0ms (cache hit)
181 http cache keyv@https://registry.npmjs.org/keyv/-/keyv-4.5.4.tgz 0ms (cache hit)
182 http cache jsx-ast-utils@https://registry.npmjs.org/jsx-ast-utils/-/jsx-ast-utils-3.3.5.tgz 0ms (cache hit)
183 http cache json5@https://registry.npmjs.org/json5/-/json5-2.2.3.tgz 0ms (cache hit)
184 http cache json-stable-stringify-without-jsonify@https://registry.npmjs.org/json-stable-stringify-without-jsonify/-/json-stable-stringify-without-jsonify-1.0.1.tgz 0ms (cache hit)
185 http cache json-buffer@https://registry.npmjs.org/json-buffer/-/json-buffer-3.0.1.tgz 0ms (cache hit)
186 http cache jsesc@https://registry.npmjs.org/jsesc/-/jsesc-3.1.0.tgz 0ms (cache hit)
187 http cache json-schema-traverse@https://registry.npmjs.org/json-schema-traverse/-/json-schema-traverse-0.4.1.tgz 0ms (cache hit)
188 http cache jsdom@https://registry.npmjs.org/jsdom/-/jsdom-26.1.0.tgz 0ms (cache hit)
189 http cache js-yaml@https://registry.npmjs.org/js-yaml/-/js-yaml-4.3.0.tgz 0ms (cache hit)
190 http cache js-tokens@https://registry.npmjs.org/js-tokens/-/js-tokens-4.0.0.tgz 0ms (cache hit)
191 http cache isexe@https://registry.npmjs.org/isexe/-/isexe-2.0.0.tgz 0ms (cache hit)
192 http cache is-weakset@https://registry.npmjs.org/is-weakset/-/is-weakset-2.0.4.tgz 0ms (cache hit)
193 http cache iterator.prototype@https://registry.npmjs.org/iterator.prototype/-/iterator.prototype-1.1.5.tgz 0ms (cache hit)
194 http cache isarray@https://registry.npmjs.org/isarray/-/isarray-2.0.5.tgz 0ms (cache hit)
195 http cache is-weakmap@https://registry.npmjs.org/is-weakmap/-/is-weakmap-2.0.2.tgz 0ms (cache hit)
196 http cache is-typed-array@https://registry.npmjs.org/is-typed-array/-/is-typed-array-1.1.15.tgz 0ms (cache hit)
197 http cache is-weakref@https://registry.npmjs.org/is-weakref/-/is-weakref-1.1.1.tgz 0ms (cache hit)
198 http cache is-string@https://registry.npmjs.org/is-string/-/is-string-1.1.1.tgz 0ms (cache hit)
199 http cache is-symbol@https://registry.npmjs.org/is-symbol/-/is-symbol-1.1.1.tgz 0ms (cache hit)
200 http cache is-shared-array-buffer@https://registry.npmjs.org/is-shared-array-buffer/-/is-shared-array-buffer-1.0.4.tgz 0ms (cache hit)
201 http cache is-set@https://registry.npmjs.org/is-set/-/is-set-2.0.3.tgz 0ms (cache hit)
202 http cache is-regex@https://registry.npmjs.org/is-regex/-/is-regex-1.2.1.tgz 0ms (cache hit)
203 http cache is-potential-custom-element-name@https://registry.npmjs.org/is-potential-custom-element-name/-/is-potential-custom-element-name-1.0.1.tgz 0ms (cache hit)
204 http cache is-number-object@https://registry.npmjs.org/is-number-object/-/is-number-object-1.1.1.tgz 0ms (cache hit)
205 http cache is-number@https://registry.npmjs.org/is-number/-/is-number-7.0.0.tgz 0ms (cache hit)
206 http cache is-negative-zero@https://registry.npmjs.org/is-negative-zero/-/is-negative-zero-2.0.3.tgz 0ms (cache hit)
207 http cache is-map@https://registry.npmjs.org/is-map/-/is-map-2.0.3.tgz 0ms (cache hit)
208 http cache is-finalizationregistry@https://registry.npmjs.org/is-finalizationregistry/-/is-finalizationregistry-1.1.1.tgz 0ms (cache hit)
209 http cache is-generator-function@https://registry.npmjs.org/is-generator-function/-/is-generator-function-1.1.2.tgz 0ms (cache hit)
210 http cache is-glob@https://registry.npmjs.org/is-glob/-/is-glob-4.0.3.tgz 0ms (cache hit)
211 http cache is-extglob@https://registry.npmjs.org/is-extglob/-/is-extglob-2.1.1.tgz 0ms (cache hit)
212 http cache is-document.all@https://registry.npmjs.org/is-document.all/-/is-document.all-1.0.0.tgz 0ms (cache hit)
213 http cache is-data-view@https://registry.npmjs.org/is-data-view/-/is-data-view-1.0.2.tgz 0ms (cache hit)
214 http cache is-core-module@https://registry.npmjs.org/is-core-module/-/is-core-module-2.16.2.tgz 0ms (cache hit)
215 http cache is-date-object@https://registry.npmjs.org/is-date-object/-/is-date-object-1.1.0.tgz 0ms (cache hit)
216 http cache is-callable@https://registry.npmjs.org/is-callable/-/is-callable-1.2.7.tgz 0ms (cache hit)
217 http cache is-boolean-object@https://registry.npmjs.org/is-boolean-object/-/is-boolean-object-1.2.2.tgz 0ms (cache hit)
218 http cache is-bun-module@https://registry.npmjs.org/is-bun-module/-/is-bun-module-2.0.0.tgz 0ms (cache hit)
219 http cache is-bigint@https://registry.npmjs.org/is-bigint/-/is-bigint-1.1.0.tgz 0ms (cache hit)
220 http cache is-async-function@https://registry.npmjs.org/is-async-function/-/is-async-function-2.1.1.tgz 0ms (cache hit)
221 http cache is-array-buffer@https://registry.npmjs.org/is-array-buffer/-/is-array-buffer-3.0.5.tgz 0ms (cache hit)
222 http cache ipaddr.js@https://registry.npmjs.org/ipaddr.js/-/ipaddr.js-2.2.0.tgz 0ms (cache hit)
223 http cache internal-slot@https://registry.npmjs.org/internal-slot/-/internal-slot-1.1.0.tgz 0ms (cache hit)
224 http cache imurmurhash@https://registry.npmjs.org/imurmurhash/-/imurmurhash-0.1.4.tgz 0ms (cache hit)
225 http cache import-fresh@https://registry.npmjs.org/import-fresh/-/import-fresh-3.3.1.tgz 0ms (cache hit)
226 http cache indent-string@https://registry.npmjs.org/indent-string/-/indent-string-4.0.0.tgz 0ms (cache hit)
227 http cache ignore@https://registry.npmjs.org/ignore/-/ignore-5.3.2.tgz 0ms (cache hit)
228 http cache iconv-lite@https://registry.npmjs.org/iconv-lite/-/iconv-lite-0.6.3.tgz 0ms (cache hit)
229 http cache hermes-estree@https://registry.npmjs.org/hermes-estree/-/hermes-estree-0.25.1.tgz 0ms (cache hit)
230 http cache https-proxy-agent@https://registry.npmjs.org/https-proxy-agent/-/https-proxy-agent-7.0.6.tgz 0ms (cache hit)
231 http cache hermes-parser@https://registry.npmjs.org/hermes-parser/-/hermes-parser-0.25.1.tgz 0ms (cache hit)
232 http cache http-proxy-agent@https://registry.npmjs.org/http-proxy-agent/-/http-proxy-agent-7.0.2.tgz 0ms (cache hit)
233 http cache hasown@https://registry.npmjs.org/hasown/-/hasown-2.0.4.tgz 0ms (cache hit)
234 http cache html-encoding-sniffer@https://registry.npmjs.org/html-encoding-sniffer/-/html-encoding-sniffer-4.0.0.tgz 0ms (cache hit)
235 http cache has-proto@https://registry.npmjs.org/has-proto/-/has-proto-1.2.0.tgz 0ms (cache hit)
236 http cache has-tostringtag@https://registry.npmjs.org/has-tostringtag/-/has-tostringtag-1.0.2.tgz 0ms (cache hit)
237 http cache has-property-descriptors@https://registry.npmjs.org/has-property-descriptors/-/has-property-descriptors-1.0.2.tgz 0ms (cache hit)
238 http cache has-symbols@https://registry.npmjs.org/has-symbols/-/has-symbols-1.1.0.tgz 0ms (cache hit)
239 http cache gopd@https://registry.npmjs.org/gopd/-/gopd-1.2.0.tgz 0ms (cache hit)
240 http cache globalthis@https://registry.npmjs.org/globalthis/-/globalthis-1.0.4.tgz 0ms (cache hit)
241 http cache has-flag@https://registry.npmjs.org/has-flag/-/has-flag-4.0.0.tgz 0ms (cache hit)
242 http cache has-bigints@https://registry.npmjs.org/has-bigints/-/has-bigints-1.1.0.tgz 0ms (cache hit)
243 http cache globals@https://registry.npmjs.org/globals/-/globals-14.0.0.tgz 0ms (cache hit)
244 http cache glob-parent@https://registry.npmjs.org/glob-parent/-/glob-parent-6.0.2.tgz 0ms (cache hit)
245 http cache get-tsconfig@https://registry.npmjs.org/get-tsconfig/-/get-tsconfig-4.14.0.tgz 0ms (cache hit)
246 http cache get-symbol-description@https://registry.npmjs.org/get-symbol-description/-/get-symbol-description-1.1.0.tgz 0ms (cache hit)
247 http cache get-proto@https://registry.npmjs.org/get-proto/-/get-proto-1.0.1.tgz 0ms (cache hit)
248 http cache get-intrinsic@https://registry.npmjs.org/get-intrinsic/-/get-intrinsic-1.3.0.tgz 0ms (cache hit)
249 http cache gensync@https://registry.npmjs.org/gensync/-/gensync-1.0.0-beta.2.tgz 0ms (cache hit)
250 http cache generator-function@https://registry.npmjs.org/generator-function/-/generator-function-2.0.1.tgz 0ms (cache hit)
251 http cache functions-have-names@https://registry.npmjs.org/functions-have-names/-/functions-have-names-1.2.3.tgz 0ms (cache hit)
252 http cache function.prototype.name@https://registry.npmjs.org/function.prototype.name/-/function.prototype.name-1.2.0.tgz 0ms (cache hit)
253 http cache function-bind@https://registry.npmjs.org/function-bind/-/function-bind-1.1.2.tgz 0ms (cache hit)
254 http cache for-each@https://registry.npmjs.org/for-each/-/for-each-0.3.5.tgz 0ms (cache hit)
255 http cache flatted@https://registry.npmjs.org/flatted/-/flatted-3.4.2.tgz 0ms (cache hit)
256 http cache flat-cache@https://registry.npmjs.org/flat-cache/-/flat-cache-4.0.1.tgz 0ms (cache hit)
257 http cache find-up@https://registry.npmjs.org/find-up/-/find-up-5.0.0.tgz 0ms (cache hit)
258 http cache fill-range@https://registry.npmjs.org/fill-range/-/fill-range-7.1.1.tgz 0ms (cache hit)
259 http cache file-entry-cache@https://registry.npmjs.org/file-entry-cache/-/file-entry-cache-8.0.0.tgz 0ms (cache hit)
260 http cache fastq@https://registry.npmjs.org/fastq/-/fastq-1.20.1.tgz 0ms (cache hit)
261 http cache fast-levenshtein@https://registry.npmjs.org/fast-levenshtein/-/fast-levenshtein-2.0.6.tgz 0ms (cache hit)
262 http cache fast-json-stable-stringify@https://registry.npmjs.org/fast-json-stable-stringify/-/fast-json-stable-stringify-2.1.0.tgz 0ms (cache hit)
263 http cache fast-glob@https://registry.npmjs.org/fast-glob/-/fast-glob-3.3.1.tgz 0ms (cache hit)
264 http cache fast-deep-equal@https://registry.npmjs.org/fast-deep-equal/-/fast-deep-equal-3.1.3.tgz 0ms (cache hit)
265 http cache estree-walker@https://registry.npmjs.org/estree-walker/-/estree-walker-3.0.3.tgz 0ms (cache hit)
266 http cache fake-indexeddb@https://registry.npmjs.org/fake-indexeddb/-/fake-indexeddb-6.2.5.tgz 0ms (cache hit)
267 http cache expect-type@https://registry.npmjs.org/expect-type/-/expect-type-1.4.0.tgz 0ms (cache hit)
268 http cache estraverse@https://registry.npmjs.org/estraverse/-/estraverse-5.3.0.tgz 0ms (cache hit)
269 http cache esrecurse@https://registry.npmjs.org/esrecurse/-/esrecurse-4.3.0.tgz 0ms (cache hit)
270 http cache esquery@https://registry.npmjs.org/esquery/-/esquery-1.7.0.tgz 0ms (cache hit)
271 http cache espree@https://registry.npmjs.org/espree/-/espree-10.4.0.tgz 0ms (cache hit)
272 http cache esutils@https://registry.npmjs.org/esutils/-/esutils-2.0.3.tgz 0ms (cache hit)
273 http cache eslint-visitor-keys@https://registry.npmjs.org/eslint-visitor-keys/-/eslint-visitor-keys-4.2.1.tgz 0ms (cache hit)
274 http cache eslint-scope@https://registry.npmjs.org/eslint-scope/-/eslint-scope-8.4.0.tgz 0ms (cache hit)
275 http cache eslint-plugin-react-hooks@https://registry.npmjs.org/eslint-plugin-react-hooks/-/eslint-plugin-react-hooks-7.1.1.tgz 0ms (cache hit)
276 http cache eslint-plugin-react@https://registry.npmjs.org/eslint-plugin-react/-/eslint-plugin-react-7.37.5.tgz 0ms (cache hit)
277 http cache eslint-plugin-jsx-a11y@https://registry.npmjs.org/eslint-plugin-jsx-a11y/-/eslint-plugin-jsx-a11y-6.10.2.tgz 0ms (cache hit)
278 http cache eslint-module-utils@https://registry.npmjs.org/eslint-module-utils/-/eslint-module-utils-2.14.0.tgz 0ms (cache hit)
279 http cache eslint-plugin-import@https://registry.npmjs.org/eslint-plugin-import/-/eslint-plugin-import-2.32.0.tgz 0ms (cache hit)
280 http cache eslint-import-resolver-typescript@https://registry.npmjs.org/eslint-import-resolver-typescript/-/eslint-import-resolver-typescript-3.10.1.tgz 0ms (cache hit)
281 http cache eslint-import-resolver-node@https://registry.npmjs.org/eslint-import-resolver-node/-/eslint-import-resolver-node-0.3.10.tgz 0ms (cache hit)
282 http cache escape-string-regexp@https://registry.npmjs.org/escape-string-regexp/-/escape-string-regexp-4.0.0.tgz 0ms (cache hit)
283 http cache eslint@https://registry.npmjs.org/eslint/-/eslint-9.39.5.tgz 0ms (cache hit)
284 http cache escalade@https://registry.npmjs.org/escalade/-/escalade-3.2.0.tgz 0ms (cache hit)
285 http cache eslint-config-next@https://registry.npmjs.org/eslint-config-next/-/eslint-config-next-16.2.11.tgz 0ms (cache hit)
286 http cache es-set-tostringtag@https://registry.npmjs.org/es-set-tostringtag/-/es-set-tostringtag-2.1.0.tgz 0ms (cache hit)
287 http cache es-to-primitive@https://registry.npmjs.org/es-to-primitive/-/es-to-primitive-1.3.4.tgz 0ms (cache hit)
288 http cache esbuild@https://registry.npmjs.org/esbuild/-/esbuild-0.25.12.tgz 0ms (cache hit)
289 http cache es-object-atoms@https://registry.npmjs.org/es-object-atoms/-/es-object-atoms-1.1.2.tgz 0ms (cache hit)
290 http cache es-module-lexer@https://registry.npmjs.org/es-module-lexer/-/es-module-lexer-1.7.0.tgz 0ms (cache hit)
291 http cache es-errors@https://registry.npmjs.org/es-errors/-/es-errors-1.3.0.tgz 0ms (cache hit)
292 http cache es-define-property@https://registry.npmjs.org/es-define-property/-/es-define-property-1.0.1.tgz 0ms (cache hit)
293 http cache es-shim-unscopables@https://registry.npmjs.org/es-shim-unscopables/-/es-shim-unscopables-1.1.0.tgz 0ms (cache hit)
294 http cache es-abstract@https://registry.npmjs.org/es-abstract/-/es-abstract-1.24.2.tgz 0ms (cache hit)
295 http cache es-abstract-get@https://registry.npmjs.org/es-abstract-get/-/es-abstract-get-1.0.0.tgz 0ms (cache hit)
296 http cache es-iterator-helpers@https://registry.npmjs.org/es-iterator-helpers/-/es-iterator-helpers-1.4.0.tgz 0ms (cache hit)
297 http cache emoji-regex@https://registry.npmjs.org/emoji-regex/-/emoji-regex-9.2.2.tgz 0ms (cache hit)
298 http cache dunder-proto@https://registry.npmjs.org/dunder-proto/-/dunder-proto-1.0.1.tgz 0ms (cache hit)
299 http cache doctrine@https://registry.npmjs.org/doctrine/-/doctrine-2.1.0.tgz 0ms (cache hit)
300 http cache electron-to-chromium@https://registry.npmjs.org/electron-to-chromium/-/electron-to-chromium-1.5.393.tgz 0ms (cache hit)
301 http cache detect-libc@https://registry.npmjs.org/detect-libc/-/detect-libc-2.1.2.tgz 0ms (cache hit)
302 http cache dequal@https://registry.npmjs.org/dequal/-/dequal-2.0.3.tgz 0ms (cache hit)
303 http cache define-properties@https://registry.npmjs.org/define-properties/-/define-properties-1.2.1.tgz 0ms (cache hit)
304 http cache dom-accessibility-api@https://registry.npmjs.org/dom-accessibility-api/-/dom-accessibility-api-0.5.16.tgz 0ms (cache hit)
305 http cache entities@https://registry.npmjs.org/entities/-/entities-6.0.1.tgz 0ms (cache hit)
306 http cache define-data-property@https://registry.npmjs.org/define-data-property/-/define-data-property-1.1.4.tgz 0ms (cache hit)
307 http cache deep-eql@https://registry.npmjs.org/deep-eql/-/deep-eql-5.0.2.tgz 0ms (cache hit)
308 http cache deep-is@https://registry.npmjs.org/deep-is/-/deep-is-0.1.4.tgz 0ms (cache hit)
309 http cache debug@https://registry.npmjs.org/debug/-/debug-4.4.3.tgz 0ms (cache hit)
310 http cache data-view-byte-length@https://registry.npmjs.org/data-view-byte-length/-/data-view-byte-length-1.0.2.tgz 0ms (cache hit)
311 http cache data-view-buffer@https://registry.npmjs.org/data-view-buffer/-/data-view-buffer-1.0.2.tgz 0ms (cache hit)
312 http cache data-urls@https://registry.npmjs.org/data-urls/-/data-urls-5.0.0.tgz 0ms (cache hit)
313 http cache data-view-byte-offset@https://registry.npmjs.org/data-view-byte-offset/-/data-view-byte-offset-1.0.1.tgz 0ms (cache hit)
314 http cache decimal.js@https://registry.npmjs.org/decimal.js/-/decimal.js-10.6.0.tgz 0ms (cache hit)
315 http cache damerau-levenshtein@https://registry.npmjs.org/damerau-levenshtein/-/damerau-levenshtein-1.0.8.tgz 0ms (cache hit)
316 http cache csstype@https://registry.npmjs.org/csstype/-/csstype-3.2.3.tgz 0ms (cache hit)
317 http cache cssstyle@https://registry.npmjs.org/cssstyle/-/cssstyle-4.6.0.tgz 0ms (cache hit)
318 http cache cross-spawn@https://registry.npmjs.org/cross-spawn/-/cross-spawn-7.0.6.tgz 0ms (cache hit)
319 http cache convert-source-map@https://registry.npmjs.org/convert-source-map/-/convert-source-map-2.0.0.tgz 0ms (cache hit)
320 http cache css.escape@https://registry.npmjs.org/css.escape/-/css.escape-1.5.1.tgz 0ms (cache hit)
321 http cache concat-map@https://registry.npmjs.org/concat-map/-/concat-map-0.0.1.tgz 0ms (cache hit)
322 http cache color-name@https://registry.npmjs.org/color-name/-/color-name-1.1.4.tgz 0ms (cache hit)
323 http cache color-convert@https://registry.npmjs.org/color-convert/-/color-convert-2.0.1.tgz 0ms (cache hit)
324 http cache caniuse-lite@https://registry.npmjs.org/caniuse-lite/-/caniuse-lite-1.0.30001806.tgz 0ms (cache hit)
325 http cache check-error@https://registry.npmjs.org/check-error/-/check-error-2.1.3.tgz 0ms (cache hit)
326 http cache client-only@https://registry.npmjs.org/client-only/-/client-only-0.0.1.tgz 0ms (cache hit)
327 http cache callsites@https://registry.npmjs.org/callsites/-/callsites-3.1.0.tgz 0ms (cache hit)
328 http cache call-bound@https://registry.npmjs.org/call-bound/-/call-bound-1.0.4.tgz 0ms (cache hit)
329 http cache chalk@https://registry.npmjs.org/chalk/-/chalk-3.0.0.tgz 0ms (cache hit)
330 http cache call-bind-apply-helpers@https://registry.npmjs.org/call-bind-apply-helpers/-/call-bind-apply-helpers-1.0.2.tgz 0ms (cache hit)
331 http cache chai@https://registry.npmjs.org/chai/-/chai-5.3.3.tgz 0ms (cache hit)
332 http cache call-bind@https://registry.npmjs.org/call-bind/-/call-bind-1.0.9.tgz 0ms (cache hit)
333 http cache cac@https://registry.npmjs.org/cac/-/cac-6.7.14.tgz 0ms (cache hit)
334 http cache browserslist@https://registry.npmjs.org/browserslist/-/browserslist-4.28.6.tgz 0ms (cache hit)
335 http cache braces@https://registry.npmjs.org/braces/-/braces-3.0.3.tgz 0ms (cache hit)
336 http cache brace-expansion@https://registry.npmjs.org/brace-expansion/-/brace-expansion-1.1.16.tgz 0ms (cache hit)
337 http cache axobject-query@https://registry.npmjs.org/axobject-query/-/axobject-query-4.1.0.tgz 0ms (cache hit)
338 http cache balanced-match@https://registry.npmjs.org/balanced-match/-/balanced-match-1.0.2.tgz 0ms (cache hit)
339 http cache available-typed-arrays@https://registry.npmjs.org/available-typed-arrays/-/available-typed-arrays-1.0.7.tgz 0ms (cache hit)
340 http cache axe-core@https://registry.npmjs.org/axe-core/-/axe-core-4.12.1.tgz 0ms (cache hit)
341 http cache ast-types-flow@https://registry.npmjs.org/ast-types-flow/-/ast-types-flow-0.0.8.tgz 0ms (cache hit)
342 http cache baseline-browser-mapping@https://registry.npmjs.org/baseline-browser-mapping/-/baseline-browser-mapping-2.10.43.tgz 0ms (cache hit)
343 http cache async-function@https://registry.npmjs.org/async-function/-/async-function-1.0.0.tgz 0ms (cache hit)
344 http cache array.prototype.tosorted@https://registry.npmjs.org/array.prototype.tosorted/-/array.prototype.tosorted-1.1.4.tgz 0ms (cache hit)
345 http cache assertion-error@https://registry.npmjs.org/assertion-error/-/assertion-error-2.0.1.tgz 0ms (cache hit)
346 http cache arraybuffer.prototype.slice@https://registry.npmjs.org/arraybuffer.prototype.slice/-/arraybuffer.prototype.slice-1.0.4.tgz 0ms (cache hit)
347 http cache array.prototype.flatmap@https://registry.npmjs.org/array.prototype.flatmap/-/array.prototype.flatmap-1.3.3.tgz 0ms (cache hit)
348 http cache array.prototype.flat@https://registry.npmjs.org/array.prototype.flat/-/array.prototype.flat-1.3.3.tgz 0ms (cache hit)
349 http cache array.prototype.findlast@https://registry.npmjs.org/array.prototype.findlast/-/array.prototype.findlast-1.2.5.tgz 0ms (cache hit)
350 http cache array-includes@https://registry.npmjs.org/array-includes/-/array-includes-3.1.9.tgz 0ms (cache hit)
351 http cache array-buffer-byte-length@https://registry.npmjs.org/array-buffer-byte-length/-/array-buffer-byte-length-1.0.2.tgz 0ms (cache hit)
352 http cache array.prototype.findlastindex@https://registry.npmjs.org/array.prototype.findlastindex/-/array.prototype.findlastindex-1.2.6.tgz 0ms (cache hit)
353 http cache aria-query@https://registry.npmjs.org/aria-query/-/aria-query-5.3.0.tgz 0ms (cache hit)
354 http cache ansi-styles@https://registry.npmjs.org/ansi-styles/-/ansi-styles-4.3.0.tgz 0ms (cache hit)
355 http cache argparse@https://registry.npmjs.org/argparse/-/argparse-2.0.1.tgz 0ms (cache hit)
356 http cache agent-base@https://registry.npmjs.org/agent-base/-/agent-base-7.1.4.tgz 0ms (cache hit)
357 http cache ajv@https://registry.npmjs.org/ajv/-/ajv-6.15.0.tgz 0ms (cache hit)
358 http cache acorn-jsx@https://registry.npmjs.org/acorn-jsx/-/acorn-jsx-5.3.2.tgz 0ms (cache hit)
359 http cache ansi-regex@https://registry.npmjs.org/ansi-regex/-/ansi-regex-5.0.1.tgz 0ms (cache hit)
360 http cache acorn@https://registry.npmjs.org/acorn/-/acorn-8.17.0.tgz 0ms (cache hit)
361 http cache @vitest/spy@https://registry.npmjs.org/@vitest/spy/-/spy-3.2.7.tgz 0ms (cache hit)
362 http cache @vitest/utils@https://registry.npmjs.org/@vitest/utils/-/utils-3.2.7.tgz 0ms (cache hit)
363 http cache @vitest/runner@https://registry.npmjs.org/@vitest/runner/-/runner-3.2.7.tgz 0ms (cache hit)
364 http cache @vitest/pretty-format@https://registry.npmjs.org/@vitest/pretty-format/-/pretty-format-3.2.7.tgz 0ms (cache hit)
365 http cache @vitest/mocker@https://registry.npmjs.org/@vitest/mocker/-/mocker-3.2.7.tgz 0ms (cache hit)
366 http cache @vitest/snapshot@https://registry.npmjs.org/@vitest/snapshot/-/snapshot-3.2.7.tgz 0ms (cache hit)
367 http cache @typescript-eslint/visitor-keys@https://registry.npmjs.org/@typescript-eslint/visitor-keys/-/visitor-keys-8.64.0.tgz 0ms (cache hit)
368 http cache @vitest/expect@https://registry.npmjs.org/@vitest/expect/-/expect-3.2.7.tgz 0ms (cache hit)
369 http cache @typescript-eslint/utils@https://registry.npmjs.org/@typescript-eslint/utils/-/utils-8.64.0.tgz 0ms (cache hit)
370 http cache @vitejs/plugin-react@https://registry.npmjs.org/@vitejs/plugin-react/-/plugin-react-4.4.1.tgz 0ms (cache hit)
371 http cache @typescript-eslint/types@https://registry.npmjs.org/@typescript-eslint/types/-/types-8.64.0.tgz 0ms (cache hit)
372 http cache @unrs/resolver-binding-win32-x64-msvc@https://registry.npmjs.org/@unrs/resolver-binding-win32-x64-msvc/-/resolver-binding-win32-x64-msvc-1.12.2.tgz 0ms (cache hit)
373 http cache @typescript-eslint/typescript-estree@https://registry.npmjs.org/@typescript-eslint/typescript-estree/-/typescript-estree-8.64.0.tgz 0ms (cache hit)
374 http cache @typescript-eslint/tsconfig-utils@https://registry.npmjs.org/@typescript-eslint/tsconfig-utils/-/tsconfig-utils-8.64.0.tgz 0ms (cache hit)
375 http cache @typescript-eslint/type-utils@https://registry.npmjs.org/@typescript-eslint/type-utils/-/type-utils-8.64.0.tgz 0ms (cache hit)
376 http cache @typescript-eslint/scope-manager@https://registry.npmjs.org/@typescript-eslint/scope-manager/-/scope-manager-8.64.0.tgz 0ms (cache hit)
377 http cache @types/react-dom@https://registry.npmjs.org/@types/react-dom/-/react-dom-19.1.2.tgz 0ms (cache hit)
378 http cache @types/react@https://registry.npmjs.org/@types/react/-/react-19.1.2.tgz 0ms (cache hit)
379 http cache @typescript-eslint/parser@https://registry.npmjs.org/@typescript-eslint/parser/-/parser-8.64.0.tgz 0ms (cache hit)
380 http cache @typescript-eslint/project-service@https://registry.npmjs.org/@typescript-eslint/project-service/-/project-service-8.64.0.tgz 0ms (cache hit)
381 http cache @typescript-eslint/eslint-plugin@https://registry.npmjs.org/@typescript-eslint/eslint-plugin/-/eslint-plugin-8.64.0.tgz 0ms (cache hit)
382 http cache @types/pg@https://registry.npmjs.org/@types/pg/-/pg-8.20.0.tgz 0ms (cache hit)
383 http cache @types/node@https://registry.npmjs.org/@types/node/-/node-22.15.3.tgz 0ms (cache hit)
384 http cache @types/estree@https://registry.npmjs.org/@types/estree/-/estree-1.0.9.tgz 0ms (cache hit)
385 http cache @types/json5@https://registry.npmjs.org/@types/json5/-/json5-0.0.29.tgz 0ms (cache hit)
386 http cache @types/json-schema@https://registry.npmjs.org/@types/json-schema/-/json-schema-7.0.15.tgz 0ms (cache hit)
387 http cache @types/deep-eql@https://registry.npmjs.org/@types/deep-eql/-/deep-eql-4.0.2.tgz 0ms (cache hit)
388 http cache @types/chai@https://registry.npmjs.org/@types/chai/-/chai-5.2.3.tgz 0ms (cache hit)
389 http cache @types/babel__traverse@https://registry.npmjs.org/@types/babel__traverse/-/babel__traverse-7.28.0.tgz 0ms (cache hit)
390 http cache @testing-library/react@https://registry.npmjs.org/@testing-library/react/-/react-16.3.0.tgz 0ms (cache hit)
391 http cache @testing-library/jest-dom@https://registry.npmjs.org/@testing-library/jest-dom/-/jest-dom-6.6.3.tgz 0ms (cache hit)
392 http cache @types/babel__core@https://registry.npmjs.org/@types/babel__core/-/babel__core-7.20.5.tgz 0ms (cache hit)
393 http cache @types/aria-query@https://registry.npmjs.org/@types/aria-query/-/aria-query-5.0.4.tgz 0ms (cache hit)
394 http cache @types/babel__template@https://registry.npmjs.org/@types/babel__template/-/babel__template-7.4.4.tgz 0ms (cache hit)
395 http cache @testing-library/dom@https://registry.npmjs.org/@testing-library/dom/-/dom-10.4.1.tgz 0ms (cache hit)
396 http cache @types/babel__generator@https://registry.npmjs.org/@types/babel__generator/-/babel__generator-7.27.0.tgz 0ms (cache hit)
397 http cache @swc/helpers@https://registry.npmjs.org/@swc/helpers/-/helpers-0.5.15.tgz 0ms (cache hit)
398 http cache @rollup/rollup-win32-x64-msvc@https://registry.npmjs.org/@rollup/rollup-win32-x64-msvc/-/rollup-win32-x64-msvc-4.62.2.tgz 0ms (cache hit)
399 http cache @rollup/rollup-win32-x64-gnu@https://registry.npmjs.org/@rollup/rollup-win32-x64-gnu/-/rollup-win32-x64-gnu-4.62.2.tgz 0ms (cache hit)
400 http cache @rtsao/scc@https://registry.npmjs.org/@rtsao/scc/-/scc-1.1.0.tgz 0ms (cache hit)
401 http cache @nolyfill/is-core-module@https://registry.npmjs.org/@nolyfill/is-core-module/-/is-core-module-1.0.39.tgz 0ms (cache hit)
402 http cache @next/swc-win32-x64-msvc@https://registry.npmjs.org/@next/swc-win32-x64-msvc/-/swc-win32-x64-msvc-16.2.11.tgz 0ms (cache hit)
403 http cache @next/eslint-plugin-next@https://registry.npmjs.org/@next/eslint-plugin-next/-/eslint-plugin-next-16.2.11.tgz 0ms (cache hit)
404 http cache @nodelib/fs.walk@https://registry.npmjs.org/@nodelib/fs.walk/-/fs.walk-1.2.8.tgz 0ms (cache hit)
405 http cache @nodelib/fs.stat@https://registry.npmjs.org/@nodelib/fs.stat/-/fs.stat-2.0.5.tgz 0ms (cache hit)
406 http cache @next/env@https://registry.npmjs.org/@next/env/-/env-16.2.11.tgz 0ms (cache hit)
407 http cache @nodelib/fs.scandir@https://registry.npmjs.org/@nodelib/fs.scandir/-/fs.scandir-2.1.5.tgz 0ms (cache hit)
408 http cache @neondatabase/serverless@https://registry.npmjs.org/@neondatabase/serverless/-/serverless-1.0.2.tgz 0ms (cache hit)
409 http cache @jridgewell/trace-mapping@https://registry.npmjs.org/@jridgewell/trace-mapping/-/trace-mapping-0.3.31.tgz 0ms (cache hit)
410 http cache @jridgewell/resolve-uri@https://registry.npmjs.org/@jridgewell/resolve-uri/-/resolve-uri-3.1.2.tgz 0ms (cache hit)
411 http cache @jridgewell/sourcemap-codec@https://registry.npmjs.org/@jridgewell/sourcemap-codec/-/sourcemap-codec-1.5.5.tgz 0ms (cache hit)
412 http cache @jridgewell/remapping@https://registry.npmjs.org/@jridgewell/remapping/-/remapping-2.3.5.tgz 0ms (cache hit)
413 http cache @jridgewell/gen-mapping@https://registry.npmjs.org/@jridgewell/gen-mapping/-/gen-mapping-0.3.13.tgz 0ms (cache hit)
414 http cache @img/sharp-win32-x64@https://registry.npmjs.org/@img/sharp-win32-x64/-/sharp-win32-x64-0.35.3.tgz 0ms (cache hit)
415 http cache @humanwhocodes/retry@https://registry.npmjs.org/@humanwhocodes/retry/-/retry-0.4.3.tgz 0ms (cache hit)
416 http cache @humanwhocodes/module-importer@https://registry.npmjs.org/@humanwhocodes/module-importer/-/module-importer-1.0.1.tgz 0ms (cache hit)
417 http cache @humanfs/types@https://registry.npmjs.org/@humanfs/types/-/types-0.15.0.tgz 0ms (cache hit)
418 http cache @img/colour@https://registry.npmjs.org/@img/colour/-/colour-1.1.0.tgz 0ms (cache hit)
419 http cache @eslint/plugin-kit@https://registry.npmjs.org/@eslint/plugin-kit/-/plugin-kit-0.4.1.tgz 0ms (cache hit)
420 http cache @humanfs/core@https://registry.npmjs.org/@humanfs/core/-/core-0.19.2.tgz 0ms (cache hit)
421 http cache @humanfs/node@https://registry.npmjs.org/@humanfs/node/-/node-0.16.8.tgz 0ms (cache hit)
422 http cache @eslint/js@https://registry.npmjs.org/@eslint/js/-/js-9.39.5.tgz 0ms (cache hit)
423 http cache @eslint/eslintrc@https://registry.npmjs.org/@eslint/eslintrc/-/eslintrc-3.3.6.tgz 0ms (cache hit)
424 http cache @eslint/object-schema@https://registry.npmjs.org/@eslint/object-schema/-/object-schema-2.1.7.tgz 0ms (cache hit)
425 http cache @eslint/core@https://registry.npmjs.org/@eslint/core/-/core-0.17.0.tgz 0ms (cache hit)
426 http cache @eslint-community/regexpp@https://registry.npmjs.org/@eslint-community/regexpp/-/regexpp-4.12.2.tgz 0ms (cache hit)
427 http cache @eslint/config-helpers@https://registry.npmjs.org/@eslint/config-helpers/-/config-helpers-0.4.2.tgz 0ms (cache hit)
428 http cache @esbuild/win32-x64@https://registry.npmjs.org/@esbuild/win32-x64/-/win32-x64-0.25.12.tgz 0ms (cache hit)
429 http cache @eslint-community/eslint-utils@https://registry.npmjs.org/@eslint-community/eslint-utils/-/eslint-utils-4.9.1.tgz 0ms (cache hit)
430 http cache @eslint/config-array@https://registry.npmjs.org/@eslint/config-array/-/config-array-0.21.2.tgz 0ms (cache hit)
431 http cache @electric-sql/pglite@https://registry.npmjs.org/@electric-sql/pglite/-/pglite-0.3.7.tgz 0ms (cache hit)
432 http cache @csstools/css-tokenizer@https://registry.npmjs.org/@csstools/css-tokenizer/-/css-tokenizer-3.0.4.tgz 0ms (cache hit)
433 http cache @csstools/css-parser-algorithms@https://registry.npmjs.org/@csstools/css-parser-algorithms/-/css-parser-algorithms-3.0.5.tgz 0ms (cache hit)
434 http cache @csstools/css-color-parser@https://registry.npmjs.org/@csstools/css-color-parser/-/css-color-parser-3.1.0.tgz 0ms (cache hit)
435 http cache @csstools/css-calc@https://registry.npmjs.org/@csstools/css-calc/-/css-calc-2.1.4.tgz 0ms (cache hit)
436 http cache @babel/types@https://registry.npmjs.org/@babel/types/-/types-7.29.7.tgz 0ms (cache hit)
437 http cache @csstools/color-helpers@https://registry.npmjs.org/@csstools/color-helpers/-/color-helpers-5.1.0.tgz 0ms (cache hit)
438 http cache @babel/traverse@https://registry.npmjs.org/@babel/traverse/-/traverse-7.29.7.tgz 0ms (cache hit)
439 http cache @babel/template@https://registry.npmjs.org/@babel/template/-/template-7.29.7.tgz 0ms (cache hit)
440 http cache @babel/parser@https://registry.npmjs.org/@babel/parser/-/parser-7.29.7.tgz 0ms (cache hit)
441 http cache @babel/helpers@https://registry.npmjs.org/@babel/helpers/-/helpers-7.29.7.tgz 0ms (cache hit)
442 http cache @babel/runtime@https://registry.npmjs.org/@babel/runtime/-/runtime-7.29.7.tgz 0ms (cache hit)
443 http cache @babel/helper-validator-option@https://registry.npmjs.org/@babel/helper-validator-option/-/helper-validator-option-7.29.7.tgz 0ms (cache hit)
444 http cache @babel/plugin-transform-react-jsx-self@https://registry.npmjs.org/@babel/plugin-transform-react-jsx-self/-/plugin-transform-react-jsx-self-7.29.7.tgz 0ms (cache hit)
445 http cache @babel/helper-validator-identifier@https://registry.npmjs.org/@babel/helper-validator-identifier/-/helper-validator-identifier-7.29.7.tgz 0ms (cache hit)
446 http cache @babel/helper-string-parser@https://registry.npmjs.org/@babel/helper-string-parser/-/helper-string-parser-7.29.7.tgz 0ms (cache hit)
447 http cache @babel/helper-module-transforms@https://registry.npmjs.org/@babel/helper-module-transforms/-/helper-module-transforms-7.29.7.tgz 0ms (cache hit)
448 http cache @babel/helper-plugin-utils@https://registry.npmjs.org/@babel/helper-plugin-utils/-/helper-plugin-utils-7.29.7.tgz 0ms (cache hit)
449 http cache @babel/helper-module-imports@https://registry.npmjs.org/@babel/helper-module-imports/-/helper-module-imports-7.29.7.tgz 0ms (cache hit)
450 http cache @babel/plugin-transform-react-jsx-source@https://registry.npmjs.org/@babel/plugin-transform-react-jsx-source/-/plugin-transform-react-jsx-source-7.29.7.tgz 0ms (cache hit)
451 http cache @babel/helper-globals@https://registry.npmjs.org/@babel/helper-globals/-/helper-globals-7.29.7.tgz 0ms (cache hit)
452 http cache @babel/helper-compilation-targets@https://registry.npmjs.org/@babel/helper-compilation-targets/-/helper-compilation-targets-7.29.7.tgz 0ms (cache hit)
453 http cache @babel/generator@https://registry.npmjs.org/@babel/generator/-/generator-7.29.7.tgz 0ms (cache hit)
454 http cache @babel/code-frame@https://registry.npmjs.org/@babel/code-frame/-/code-frame-7.29.7.tgz 0ms (cache hit)
455 http cache @adobe/css-tools@https://registry.npmjs.org/@adobe/css-tools/-/css-tools-4.5.0.tgz 0ms (cache hit)
456 http cache @babel/core@https://registry.npmjs.org/@babel/core/-/core-7.29.7.tgz 0ms (cache hit)
457 http cache @babel/compat-data@https://registry.npmjs.org/@babel/compat-data/-/compat-data-7.29.7.tgz 0ms (cache hit)
458 http cache @asamuzakjp/css-color@https://registry.npmjs.org/@asamuzakjp/css-color/-/css-color-3.2.0.tgz 0ms (cache hit)
459 http cache picomatch@https://registry.npmjs.org/picomatch/-/picomatch-4.0.5.tgz 0ms (cache hit)
460 http cache picomatch@https://registry.npmjs.org/picomatch/-/picomatch-4.0.5.tgz 0ms (cache hit)
461 http cache fdir@https://registry.npmjs.org/fdir/-/fdir-6.5.0.tgz 0ms (cache hit)
462 http cache picomatch@https://registry.npmjs.org/picomatch/-/picomatch-4.0.5.tgz 0ms (cache hit)
463 http cache fdir@https://registry.npmjs.org/fdir/-/fdir-6.5.0.tgz 0ms (cache hit)
464 http cache json5@https://registry.npmjs.org/json5/-/json5-1.0.2.tgz 0ms (cache hit)
465 http cache js-tokens@https://registry.npmjs.org/js-tokens/-/js-tokens-9.0.1.tgz 0ms (cache hit)
466 http cache ansi-styles@https://registry.npmjs.org/ansi-styles/-/ansi-styles-5.2.0.tgz 0ms (cache hit)
467 http cache semver@https://registry.npmjs.org/semver/-/semver-6.3.1.tgz 0ms (cache hit)
468 http cache react-is@https://registry.npmjs.org/react-is/-/react-is-16.13.1.tgz 0ms (cache hit)
469 http cache glob-parent@https://registry.npmjs.org/glob-parent/-/glob-parent-5.1.2.tgz 0ms (cache hit)
470 http cache semver@https://registry.npmjs.org/semver/-/semver-6.3.1.tgz 0ms (cache hit)
471 http cache aria-query@https://registry.npmjs.org/aria-query/-/aria-query-5.3.2.tgz 0ms (cache hit)
472 http cache debug@https://registry.npmjs.org/debug/-/debug-3.2.7.tgz 0ms (cache hit)
473 http cache semver@https://registry.npmjs.org/semver/-/semver-6.3.1.tgz 0ms (cache hit)
474 http cache debug@https://registry.npmjs.org/debug/-/debug-3.2.7.tgz 0ms (cache hit)
475 http cache globals@https://registry.npmjs.org/globals/-/globals-16.4.0.tgz 0ms (cache hit)
476 http cache debug@https://registry.npmjs.org/debug/-/debug-3.2.7.tgz 0ms (cache hit)
477 http cache eslint-visitor-keys@https://registry.npmjs.org/eslint-visitor-keys/-/eslint-visitor-keys-5.0.1.tgz 0ms (cache hit)
478 http cache chalk@https://registry.npmjs.org/chalk/-/chalk-4.1.2.tgz 0ms (cache hit)
479 http cache ignore@https://registry.npmjs.org/ignore/-/ignore-7.0.6.tgz 0ms (cache hit)
480 http cache dom-accessibility-api@https://registry.npmjs.org/dom-accessibility-api/-/dom-accessibility-api-0.6.3.tgz 0ms (cache hit)
481 http cache minimatch@https://registry.npmjs.org/minimatch/-/minimatch-10.2.5.tgz 0ms (cache hit)
482 http cache brace-expansion@https://registry.npmjs.org/brace-expansion/-/brace-expansion-5.0.7.tgz 0ms (cache hit)
483 http cache semver@https://registry.npmjs.org/semver/-/semver-6.3.1.tgz 0ms (cache hit)
484 http cache @types/node@https://registry.npmjs.org/@types/node/-/node-22.20.1.tgz 0ms (cache hit)
485 http cache semver@https://registry.npmjs.org/semver/-/semver-6.3.1.tgz 0ms (cache hit)
486 http cache eslint-visitor-keys@https://registry.npmjs.org/eslint-visitor-keys/-/eslint-visitor-keys-3.4.3.tgz 0ms (cache hit)
487 http cache balanced-match@https://registry.npmjs.org/balanced-match/-/balanced-match-4.0.4.tgz 0ms (cache hit)
488 silly tarball no local data for zod@https://registry.npmjs.org/zod/-/zod-4.1.5.tgz. Extracting by manifest.
489 http cache lru-cache@https://registry.npmjs.org/lru-cache/-/lru-cache-10.4.3.tgz 0ms (cache hit)
490 silly tarball no local data for zod-validation-error@https://registry.npmjs.org/zod-validation-error/-/zod-validation-error-4.0.2.tgz. Extracting by manifest.
491 silly tarball no local data for yocto-queue@https://registry.npmjs.org/yocto-queue/-/yocto-queue-0.1.0.tgz. Extracting by manifest.
492 silly tarball no local data for xtend@https://registry.npmjs.org/xtend/-/xtend-4.0.2.tgz. Extracting by manifest.
493 silly tarball no local data for yallist@https://registry.npmjs.org/yallist/-/yallist-3.1.1.tgz. Extracting by manifest.
494 silly tarball no local data for xml-name-validator@https://registry.npmjs.org/xml-name-validator/-/xml-name-validator-5.0.0.tgz. Extracting by manifest.
495 silly tarball no local data for ws@https://registry.npmjs.org/ws/-/ws-8.21.1.tgz. Extracting by manifest.
496 silly tarball no local data for xmlchars@https://registry.npmjs.org/xmlchars/-/xmlchars-2.2.0.tgz. Extracting by manifest.
497 silly tarball no local data for why-is-node-running@https://registry.npmjs.org/why-is-node-running/-/why-is-node-running-2.3.0.tgz. Extracting by manifest.
498 silly tarball no local data for word-wrap@https://registry.npmjs.org/word-wrap/-/word-wrap-1.2.5.tgz. Extracting by manifest.
499 silly tarball no local data for which-typed-array@https://registry.npmjs.org/which-typed-array/-/which-typed-array-1.1.22.tgz. Extracting by manifest.
500 silly tarball no local data for which-collection@https://registry.npmjs.org/which-collection/-/which-collection-1.0.2.tgz. Extracting by manifest.
501 silly tarball no local data for which-builtin-type@https://registry.npmjs.org/which-builtin-type/-/which-builtin-type-1.2.1.tgz. Extracting by manifest.
502 silly tarball no local data for which-boxed-primitive@https://registry.npmjs.org/which-boxed-primitive/-/which-boxed-primitive-1.1.1.tgz. Extracting by manifest.
503 silly tarball no local data for whatwg-mimetype@https://registry.npmjs.org/whatwg-mimetype/-/whatwg-mimetype-4.0.0.tgz. Extracting by manifest.
504 silly tarball no local data for whatwg-url@https://registry.npmjs.org/whatwg-url/-/whatwg-url-14.2.0.tgz. Extracting by manifest.
505 silly tarball no local data for which@https://registry.npmjs.org/which/-/which-2.0.2.tgz. Extracting by manifest.
506 silly tarball no local data for webidl-conversions@https://registry.npmjs.org/webidl-conversions/-/webidl-conversions-7.0.0.tgz. Extracting by manifest.
507 silly tarball no local data for whatwg-encoding@https://registry.npmjs.org/whatwg-encoding/-/whatwg-encoding-3.1.1.tgz. Extracting by manifest.
508 silly tarball no local data for w3c-xmlserializer@https://registry.npmjs.org/w3c-xmlserializer/-/w3c-xmlserializer-5.0.0.tgz. Extracting by manifest.
509 silly tarball no local data for vite-node@https://registry.npmjs.org/vite-node/-/vite-node-3.2.4.tgz. Extracting by manifest.
510 silly tarball no local data for vitest@https://registry.npmjs.org/vitest/-/vitest-3.2.7.tgz. Extracting by manifest.
511 silly tarball no local data for vite@https://registry.npmjs.org/vite/-/vite-6.4.3.tgz. Extracting by manifest.
512 silly tarball no local data for uri-js@https://registry.npmjs.org/uri-js/-/uri-js-4.4.1.tgz. Extracting by manifest.
513 silly tarball no local data for unrs-resolver@https://registry.npmjs.org/unrs-resolver/-/unrs-resolver-1.12.2.tgz. Extracting by manifest.
514 silly tarball no local data for unbox-primitive@https://registry.npmjs.org/unbox-primitive/-/unbox-primitive-1.1.0.tgz. Extracting by manifest.
515 silly tarball no local data for update-browserslist-db@https://registry.npmjs.org/update-browserslist-db/-/update-browserslist-db-1.2.3.tgz. Extracting by manifest.
516 silly tarball no local data for undici-types@https://registry.npmjs.org/undici-types/-/undici-types-6.21.0.tgz. Extracting by manifest.
517 silly tarball no local data for typescript@https://registry.npmjs.org/typescript/-/typescript-5.8.3.tgz. Extracting by manifest.
518 silly tarball no local data for typescript-eslint@https://registry.npmjs.org/typescript-eslint/-/typescript-eslint-8.64.0.tgz. Extracting by manifest.
519 silly tarball no local data for typed-array-length@https://registry.npmjs.org/typed-array-length/-/typed-array-length-1.0.8.tgz. Extracting by manifest.
520 silly tarball no local data for typed-array-byte-offset@https://registry.npmjs.org/typed-array-byte-offset/-/typed-array-byte-offset-1.0.4.tgz. Extracting by manifest.
521 silly tarball no local data for typed-array-byte-length@https://registry.npmjs.org/typed-array-byte-length/-/typed-array-byte-length-1.0.3.tgz. Extracting by manifest.
522 silly tarball no local data for typed-array-buffer@https://registry.npmjs.org/typed-array-buffer/-/typed-array-buffer-1.0.3.tgz. Extracting by manifest.
523 silly tarball no local data for type-check@https://registry.npmjs.org/type-check/-/type-check-0.4.0.tgz. Extracting by manifest.
524 silly tarball no local data for tsconfig-paths@https://registry.npmjs.org/tsconfig-paths/-/tsconfig-paths-3.15.0.tgz. Extracting by manifest.
525 silly tarball no local data for tslib@https://registry.npmjs.org/tslib/-/tslib-2.8.1.tgz. Extracting by manifest.
526 silly tarball no local data for ts-api-utils@https://registry.npmjs.org/ts-api-utils/-/ts-api-utils-2.5.0.tgz. Extracting by manifest.
527 silly tarball no local data for tsx@https://registry.npmjs.org/tsx/-/tsx-4.19.3.tgz. Extracting by manifest.
528 silly tarball no local data for tldts-core@https://registry.npmjs.org/tldts-core/-/tldts-core-6.1.86.tgz. Extracting by manifest.
529 silly tarball no local data for tr46@https://registry.npmjs.org/tr46/-/tr46-5.1.1.tgz. Extracting by manifest.
530 silly tarball no local data for tough-cookie@https://registry.npmjs.org/tough-cookie/-/tough-cookie-5.1.2.tgz. Extracting by manifest.
531 silly tarball no local data for to-regex-range@https://registry.npmjs.org/to-regex-range/-/to-regex-range-5.0.1.tgz. Extracting by manifest.
532 silly tarball no local data for tldts@https://registry.npmjs.org/tldts/-/tldts-6.1.86.tgz. Extracting by manifest.
533 silly tarball no local data for tinyspy@https://registry.npmjs.org/tinyspy/-/tinyspy-4.0.4.tgz. Extracting by manifest.
534 silly tarball no local data for tinyrainbow@https://registry.npmjs.org/tinyrainbow/-/tinyrainbow-2.0.0.tgz. Extracting by manifest.
535 silly tarball no local data for tinyglobby@https://registry.npmjs.org/tinyglobby/-/tinyglobby-0.2.17.tgz. Extracting by manifest.
536 silly tarball no local data for tinypool@https://registry.npmjs.org/tinypool/-/tinypool-1.1.1.tgz. Extracting by manifest.
537 silly tarball no local data for tinyexec@https://registry.npmjs.org/tinyexec/-/tinyexec-0.3.2.tgz. Extracting by manifest.
538 silly tarball no local data for tinybench@https://registry.npmjs.org/tinybench/-/tinybench-2.9.0.tgz. Extracting by manifest.
539 silly tarball no local data for symbol-tree@https://registry.npmjs.org/symbol-tree/-/symbol-tree-3.2.4.tgz. Extracting by manifest.
540 silly tarball no local data for supports-preserve-symlinks-flag@https://registry.npmjs.org/supports-preserve-symlinks-flag/-/supports-preserve-symlinks-flag-1.0.0.tgz. Extracting by manifest.
541 silly tarball no local data for styled-jsx@https://registry.npmjs.org/styled-jsx/-/styled-jsx-5.1.6.tgz. Extracting by manifest.
542 silly tarball no local data for strip-json-comments@https://registry.npmjs.org/strip-json-comments/-/strip-json-comments-3.1.1.tgz. Extracting by manifest.
543 silly tarball no local data for strip-literal@https://registry.npmjs.org/strip-literal/-/strip-literal-3.1.0.tgz. Extracting by manifest.
544 silly tarball no local data for strip-indent@https://registry.npmjs.org/strip-indent/-/strip-indent-3.0.0.tgz. Extracting by manifest.
545 silly tarball no local data for strip-bom@https://registry.npmjs.org/strip-bom/-/strip-bom-3.0.0.tgz. Extracting by manifest.
546 silly tarball no local data for string.prototype.trimstart@https://registry.npmjs.org/string.prototype.trimstart/-/string.prototype.trimstart-1.0.8.tgz. Extracting by manifest.
547 silly tarball no local data for string.prototype.trimend@https://registry.npmjs.org/string.prototype.trimend/-/string.prototype.trimend-1.0.10.tgz. Extracting by manifest.
548 silly tarball no local data for string.prototype.trim@https://registry.npmjs.org/string.prototype.trim/-/string.prototype.trim-1.2.11.tgz. Extracting by manifest.
549 silly tarball no local data for string.prototype.repeat@https://registry.npmjs.org/string.prototype.repeat/-/string.prototype.repeat-1.0.0.tgz. Extracting by manifest.
550 silly tarball no local data for string.prototype.matchall@https://registry.npmjs.org/string.prototype.matchall/-/string.prototype.matchall-4.0.12.tgz. Extracting by manifest.
551 silly tarball no local data for string.prototype.includes@https://registry.npmjs.org/string.prototype.includes/-/string.prototype.includes-2.0.1.tgz. Extracting by manifest.
552 silly tarball no local data for stop-iteration-iterator@https://registry.npmjs.org/stop-iteration-iterator/-/stop-iteration-iterator-1.1.0.tgz. Extracting by manifest.
553 silly tarball no local data for std-env@https://registry.npmjs.org/std-env/-/std-env-3.10.0.tgz. Extracting by manifest.
554 silly tarball no local data for stackback@https://registry.npmjs.org/stackback/-/stackback-0.0.2.tgz. Extracting by manifest.
555 silly tarball no local data for stable-hash@https://registry.npmjs.org/stable-hash/-/stable-hash-0.0.5.tgz. Extracting by manifest.
556 silly tarball no local data for siginfo@https://registry.npmjs.org/siginfo/-/siginfo-2.0.0.tgz. Extracting by manifest.
557 silly tarball no local data for supports-color@https://registry.npmjs.org/supports-color/-/supports-color-7.2.0.tgz. Extracting by manifest.
558 silly tarball no local data for source-map-js@https://registry.npmjs.org/source-map-js/-/source-map-js-1.2.1.tgz. Extracting by manifest.
559 silly tarball no local data for side-channel-weakmap@https://registry.npmjs.org/side-channel-weakmap/-/side-channel-weakmap-1.0.2.tgz. Extracting by manifest.
560 silly tarball no local data for side-channel-map@https://registry.npmjs.org/side-channel-map/-/side-channel-map-1.0.1.tgz. Extracting by manifest.
561 silly tarball no local data for side-channel-list@https://registry.npmjs.org/side-channel-list/-/side-channel-list-1.0.1.tgz. Extracting by manifest.
562 silly tarball no local data for shebang-regex@https://registry.npmjs.org/shebang-regex/-/shebang-regex-3.0.0.tgz. Extracting by manifest.
563 silly tarball no local data for side-channel@https://registry.npmjs.org/side-channel/-/side-channel-1.1.1.tgz. Extracting by manifest.
564 silly tarball no local data for shebang-command@https://registry.npmjs.org/shebang-command/-/shebang-command-2.0.0.tgz. Extracting by manifest.
565 silly tarball no local data for set-proto@https://registry.npmjs.org/set-proto/-/set-proto-1.0.0.tgz. Extracting by manifest.
566 silly tarball no local data for sharp@https://registry.npmjs.org/sharp/-/sharp-0.35.3.tgz. Extracting by manifest.
567 silly tarball no local data for set-function-name@https://registry.npmjs.org/set-function-name/-/set-function-name-2.0.2.tgz. Extracting by manifest.
568 silly tarball no local data for semver@https://registry.npmjs.org/semver/-/semver-7.8.5.tgz. Extracting by manifest.
569 silly tarball no local data for server-only@https://registry.npmjs.org/server-only/-/server-only-0.0.1.tgz. Extracting by manifest.
570 silly tarball no local data for set-function-length@https://registry.npmjs.org/set-function-length/-/set-function-length-1.2.2.tgz. Extracting by manifest.
571 silly tarball no local data for scheduler@https://registry.npmjs.org/scheduler/-/scheduler-0.27.0.tgz. Extracting by manifest.
572 silly tarball no local data for safer-buffer@https://registry.npmjs.org/safer-buffer/-/safer-buffer-2.1.2.tgz. Extracting by manifest.
573 silly tarball no local data for saxes@https://registry.npmjs.org/saxes/-/saxes-6.0.0.tgz. Extracting by manifest.
574 silly tarball no local data for safe-array-concat@https://registry.npmjs.org/safe-array-concat/-/safe-array-concat-1.1.4.tgz. Extracting by manifest.
575 silly tarball no local data for safe-regex-test@https://registry.npmjs.org/safe-regex-test/-/safe-regex-test-1.1.0.tgz. Extracting by manifest.
576 silly tarball no local data for safe-push-apply@https://registry.npmjs.org/safe-push-apply/-/safe-push-apply-1.0.0.tgz. Extracting by manifest.
577 silly tarball no local data for run-parallel@https://registry.npmjs.org/run-parallel/-/run-parallel-1.2.0.tgz. Extracting by manifest.
578 silly tarball no local data for rrweb-cssom@https://registry.npmjs.org/rrweb-cssom/-/rrweb-cssom-0.8.0.tgz. Extracting by manifest.
579 silly tarball no local data for rollup@https://registry.npmjs.org/rollup/-/rollup-4.62.2.tgz. Extracting by manifest.
580 silly tarball no local data for reusify@https://registry.npmjs.org/reusify/-/reusify-1.1.0.tgz. Extracting by manifest.
581 silly tarball no local data for resolve-pkg-maps@https://registry.npmjs.org/resolve-pkg-maps/-/resolve-pkg-maps-1.0.0.tgz. Extracting by manifest.
582 silly tarball no local data for resolve-from@https://registry.npmjs.org/resolve-from/-/resolve-from-4.0.0.tgz. Extracting by manifest.
583 silly tarball no local data for resolve@https://registry.npmjs.org/resolve/-/resolve-2.0.0-next.7.tgz. Extracting by manifest.
584 silly tarball no local data for regexp.prototype.flags@https://registry.npmjs.org/regexp.prototype.flags/-/regexp.prototype.flags-1.5.4.tgz. Extracting by manifest.
585 silly tarball no local data for redent@https://registry.npmjs.org/redent/-/redent-3.0.0.tgz. Extracting by manifest.
586 silly tarball no local data for react-refresh@https://registry.npmjs.org/react-refresh/-/react-refresh-0.17.0.tgz. Extracting by manifest.
587 silly tarball no local data for react-dom@https://registry.npmjs.org/react-dom/-/react-dom-19.2.0.tgz. Extracting by manifest.
588 silly tarball no local data for reflect.getprototypeof@https://registry.npmjs.org/reflect.getprototypeof/-/reflect.getprototypeof-1.0.10.tgz. Extracting by manifest.
589 silly tarball no local data for react-is@https://registry.npmjs.org/react-is/-/react-is-17.0.2.tgz. Extracting by manifest.
590 silly tarball no local data for queue-microtask@https://registry.npmjs.org/queue-microtask/-/queue-microtask-1.2.3.tgz. Extracting by manifest.
591 silly tarball no local data for react@https://registry.npmjs.org/react/-/react-19.2.0.tgz. Extracting by manifest.
592 silly tarball no local data for punycode@https://registry.npmjs.org/punycode/-/punycode-2.3.1.tgz. Extracting by manifest.
593 silly tarball no local data for prop-types@https://registry.npmjs.org/prop-types/-/prop-types-15.8.1.tgz. Extracting by manifest.
594 silly tarball no local data for prelude-ls@https://registry.npmjs.org/prelude-ls/-/prelude-ls-1.2.1.tgz. Extracting by manifest.
595 silly tarball no local data for pretty-format@https://registry.npmjs.org/pretty-format/-/pretty-format-27.5.1.tgz. Extracting by manifest.
596 silly tarball no local data for postgres-interval@https://registry.npmjs.org/postgres-interval/-/postgres-interval-1.2.0.tgz. Extracting by manifest.
597 silly tarball no local data for postgres-date@https://registry.npmjs.org/postgres-date/-/postgres-date-1.0.7.tgz. Extracting by manifest.
598 silly tarball no local data for postgres-bytea@https://registry.npmjs.org/postgres-bytea/-/postgres-bytea-1.0.1.tgz. Extracting by manifest.
599 silly tarball no local data for postgres-array@https://registry.npmjs.org/postgres-array/-/postgres-array-2.0.0.tgz. Extracting by manifest.
600 silly tarball no local data for postgres@https://registry.npmjs.org/postgres/-/postgres-3.4.7.tgz. Extracting by manifest.
601 silly tarball no local data for postcss@https://registry.npmjs.org/postcss/-/postcss-8.5.19.tgz. Extracting by manifest.
602 silly tarball no local data for possible-typed-array-names@https://registry.npmjs.org/possible-typed-array-names/-/possible-typed-array-names-1.1.0.tgz. Extracting by manifest.
603 silly tarball no local data for picomatch@https://registry.npmjs.org/picomatch/-/picomatch-2.3.2.tgz. Extracting by manifest.
604 silly tarball no local data for picocolors@https://registry.npmjs.org/picocolors/-/picocolors-1.1.1.tgz. Extracting by manifest.
605 silly tarball no local data for pg-types@https://registry.npmjs.org/pg-types/-/pg-types-2.2.0.tgz. Extracting by manifest.
606 silly tarball no local data for pg-int8@https://registry.npmjs.org/pg-int8/-/pg-int8-1.0.1.tgz. Extracting by manifest.
607 silly tarball no local data for pg-protocol@https://registry.npmjs.org/pg-protocol/-/pg-protocol-1.15.0.tgz. Extracting by manifest.
608 silly tarball no local data for pathe@https://registry.npmjs.org/pathe/-/pathe-2.0.3.tgz. Extracting by manifest.
609 silly tarball no local data for pathval@https://registry.npmjs.org/pathval/-/pathval-2.0.1.tgz. Extracting by manifest.
610 silly tarball no local data for path-key@https://registry.npmjs.org/path-key/-/path-key-3.1.1.tgz. Extracting by manifest.
611 silly tarball no local data for path-parse@https://registry.npmjs.org/path-parse/-/path-parse-1.0.7.tgz. Extracting by manifest.
612 silly tarball no local data for parse5@https://registry.npmjs.org/parse5/-/parse5-7.3.0.tgz. Extracting by manifest.
613 silly tarball no local data for parent-module@https://registry.npmjs.org/parent-module/-/parent-module-1.0.1.tgz. Extracting by manifest.
614 silly tarball no local data for p-limit@https://registry.npmjs.org/p-limit/-/p-limit-3.1.0.tgz. Extracting by manifest.
615 silly tarball no local data for path-exists@https://registry.npmjs.org/path-exists/-/path-exists-4.0.0.tgz. Extracting by manifest.
616 silly tarball no local data for p-locate@https://registry.npmjs.org/p-locate/-/p-locate-5.0.0.tgz. Extracting by manifest.
617 silly tarball no local data for own-keys@https://registry.npmjs.org/own-keys/-/own-keys-1.0.1.tgz. Extracting by manifest.
618 silly tarball no local data for optionator@https://registry.npmjs.org/optionator/-/optionator-0.9.4.tgz. Extracting by manifest.
619 silly tarball no local data for object.values@https://registry.npmjs.org/object.values/-/object.values-1.2.1.tgz. Extracting by manifest.
620 silly tarball no local data for object.groupby@https://registry.npmjs.org/object.groupby/-/object.groupby-1.0.3.tgz. Extracting by manifest.
621 silly tarball no local data for object.assign@https://registry.npmjs.org/object.assign/-/object.assign-4.1.7.tgz. Extracting by manifest.
622 silly tarball no local data for object.entries@https://registry.npmjs.org/object.entries/-/object.entries-1.1.9.tgz. Extracting by manifest.
623 silly tarball no local data for object-keys@https://registry.npmjs.org/object-keys/-/object-keys-1.1.1.tgz. Extracting by manifest.
624 silly tarball no local data for object-inspect@https://registry.npmjs.org/object-inspect/-/object-inspect-1.13.4.tgz. Extracting by manifest.
625 silly tarball no local data for object-assign@https://registry.npmjs.org/object-assign/-/object-assign-4.1.1.tgz. Extracting by manifest.
626 silly tarball no local data for nwsapi@https://registry.npmjs.org/nwsapi/-/nwsapi-2.2.24.tgz. Extracting by manifest.
627 silly tarball no local data for node-releases@https://registry.npmjs.org/node-releases/-/node-releases-2.0.51.tgz. Extracting by manifest.
628 silly tarball no local data for node-exports-info@https://registry.npmjs.org/node-exports-info/-/node-exports-info-1.6.2.tgz. Extracting by manifest.
629 silly tarball no local data for next@https://registry.npmjs.org/next/-/next-16.2.11.tgz. Extracting by manifest.
630 silly tarball no local data for napi-postinstall@https://registry.npmjs.org/napi-postinstall/-/napi-postinstall-0.3.4.tgz. Extracting by manifest.
631 silly tarball no local data for natural-compare@https://registry.npmjs.org/natural-compare/-/natural-compare-1.4.0.tgz. Extracting by manifest.
632 silly tarball no local data for nanoid@https://registry.npmjs.org/nanoid/-/nanoid-3.3.16.tgz. Extracting by manifest.
633 silly tarball no local data for ms@https://registry.npmjs.org/ms/-/ms-2.1.3.tgz. Extracting by manifest.
634 silly tarball no local data for minimatch@https://registry.npmjs.org/minimatch/-/minimatch-3.1.5.tgz. Extracting by manifest.
635 silly tarball no local data for minimist@https://registry.npmjs.org/minimist/-/minimist-1.2.8.tgz. Extracting by manifest.
636 silly tarball no local data for min-indent@https://registry.npmjs.org/min-indent/-/min-indent-1.0.1.tgz. Extracting by manifest.
637 silly tarball no local data for micromatch@https://registry.npmjs.org/micromatch/-/micromatch-4.0.8.tgz. Extracting by manifest.
638 silly tarball no local data for merge2@https://registry.npmjs.org/merge2/-/merge2-1.4.1.tgz. Extracting by manifest.
639 silly tarball no local data for math-intrinsics@https://registry.npmjs.org/math-intrinsics/-/math-intrinsics-1.1.0.tgz. Extracting by manifest.
640 silly tarball no local data for magic-string@https://registry.npmjs.org/magic-string/-/magic-string-0.30.21.tgz. Extracting by manifest.
641 silly tarball no local data for lz-string@https://registry.npmjs.org/lz-string/-/lz-string-1.5.0.tgz. Extracting by manifest.
642 silly tarball no local data for lru-cache@https://registry.npmjs.org/lru-cache/-/lru-cache-5.1.1.tgz. Extracting by manifest.
643 silly tarball no local data for loupe@https://registry.npmjs.org/loupe/-/loupe-3.2.1.tgz. Extracting by manifest.
644 silly tarball no local data for loose-envify@https://registry.npmjs.org/loose-envify/-/loose-envify-1.4.0.tgz. Extracting by manifest.
645 silly tarball no local data for lodash.merge@https://registry.npmjs.org/lodash.merge/-/lodash.merge-4.6.2.tgz. Extracting by manifest.
646 silly tarball no local data for lodash@https://registry.npmjs.org/lodash/-/lodash-4.18.1.tgz. Extracting by manifest.
647 silly tarball no local data for locate-path@https://registry.npmjs.org/locate-path/-/locate-path-6.0.0.tgz. Extracting by manifest.
648 silly tarball no local data for language-tags@https://registry.npmjs.org/language-tags/-/language-tags-1.0.9.tgz. Extracting by manifest.
649 silly tarball no local data for levn@https://registry.npmjs.org/levn/-/levn-0.4.1.tgz. Extracting by manifest.
650 silly tarball no local data for language-subtag-registry@https://registry.npmjs.org/language-subtag-registry/-/language-subtag-registry-0.3.23.tgz. Extracting by manifest.
651 silly tarball no local data for object.fromentries@https://registry.npmjs.org/object.fromentries/-/object.fromentries-2.0.8.tgz. Extracting by manifest.
652 silly tarball no local data for keyv@https://registry.npmjs.org/keyv/-/keyv-4.5.4.tgz. Extracting by manifest.
653 silly tarball no local data for jsx-ast-utils@https://registry.npmjs.org/jsx-ast-utils/-/jsx-ast-utils-3.3.5.tgz. Extracting by manifest.
654 silly tarball no local data for json5@https://registry.npmjs.org/json5/-/json5-2.2.3.tgz. Extracting by manifest.
655 silly tarball no local data for json-stable-stringify-without-jsonify@https://registry.npmjs.org/json-stable-stringify-without-jsonify/-/json-stable-stringify-without-jsonify-1.0.1.tgz. Extracting by manifest.
656 silly tarball no local data for json-buffer@https://registry.npmjs.org/json-buffer/-/json-buffer-3.0.1.tgz. Extracting by manifest.
657 silly tarball no local data for jsesc@https://registry.npmjs.org/jsesc/-/jsesc-3.1.0.tgz. Extracting by manifest.
658 silly tarball no local data for json-schema-traverse@https://registry.npmjs.org/json-schema-traverse/-/json-schema-traverse-0.4.1.tgz. Extracting by manifest.
659 silly tarball no local data for jsdom@https://registry.npmjs.org/jsdom/-/jsdom-26.1.0.tgz. Extracting by manifest.
660 silly tarball no local data for js-yaml@https://registry.npmjs.org/js-yaml/-/js-yaml-4.3.0.tgz. Extracting by manifest.
661 silly tarball no local data for js-tokens@https://registry.npmjs.org/js-tokens/-/js-tokens-4.0.0.tgz. Extracting by manifest.
662 silly tarball no local data for isexe@https://registry.npmjs.org/isexe/-/isexe-2.0.0.tgz. Extracting by manifest.
663 silly tarball no local data for is-weakset@https://registry.npmjs.org/is-weakset/-/is-weakset-2.0.4.tgz. Extracting by manifest.
664 silly tarball no local data for iterator.prototype@https://registry.npmjs.org/iterator.prototype/-/iterator.prototype-1.1.5.tgz. Extracting by manifest.
665 silly tarball no local data for isarray@https://registry.npmjs.org/isarray/-/isarray-2.0.5.tgz. Extracting by manifest.
666 silly tarball no local data for is-weakmap@https://registry.npmjs.org/is-weakmap/-/is-weakmap-2.0.2.tgz. Extracting by manifest.
667 silly tarball no local data for is-typed-array@https://registry.npmjs.org/is-typed-array/-/is-typed-array-1.1.15.tgz. Extracting by manifest.
668 silly tarball no local data for is-weakref@https://registry.npmjs.org/is-weakref/-/is-weakref-1.1.1.tgz. Extracting by manifest.
669 silly tarball no local data for is-string@https://registry.npmjs.org/is-string/-/is-string-1.1.1.tgz. Extracting by manifest.
670 silly tarball no local data for is-symbol@https://registry.npmjs.org/is-symbol/-/is-symbol-1.1.1.tgz. Extracting by manifest.
671 silly tarball no local data for is-shared-array-buffer@https://registry.npmjs.org/is-shared-array-buffer/-/is-shared-array-buffer-1.0.4.tgz. Extracting by manifest.
672 silly tarball no local data for is-set@https://registry.npmjs.org/is-set/-/is-set-2.0.3.tgz. Extracting by manifest.
673 silly tarball no local data for is-regex@https://registry.npmjs.org/is-regex/-/is-regex-1.2.1.tgz. Extracting by manifest.
674 silly tarball no local data for is-potential-custom-element-name@https://registry.npmjs.org/is-potential-custom-element-name/-/is-potential-custom-element-name-1.0.1.tgz. Extracting by manifest.
675 silly tarball no local data for is-number-object@https://registry.npmjs.org/is-number-object/-/is-number-object-1.1.1.tgz. Extracting by manifest.
676 silly tarball no local data for is-number@https://registry.npmjs.org/is-number/-/is-number-7.0.0.tgz. Extracting by manifest.
677 silly tarball no local data for is-negative-zero@https://registry.npmjs.org/is-negative-zero/-/is-negative-zero-2.0.3.tgz. Extracting by manifest.
678 silly tarball no local data for is-map@https://registry.npmjs.org/is-map/-/is-map-2.0.3.tgz. Extracting by manifest.
679 silly tarball no local data for is-finalizationregistry@https://registry.npmjs.org/is-finalizationregistry/-/is-finalizationregistry-1.1.1.tgz. Extracting by manifest.
680 silly tarball no local data for is-generator-function@https://registry.npmjs.org/is-generator-function/-/is-generator-function-1.1.2.tgz. Extracting by manifest.
681 silly tarball no local data for is-glob@https://registry.npmjs.org/is-glob/-/is-glob-4.0.3.tgz. Extracting by manifest.
682 silly tarball no local data for is-extglob@https://registry.npmjs.org/is-extglob/-/is-extglob-2.1.1.tgz. Extracting by manifest.
683 silly tarball no local data for is-document.all@https://registry.npmjs.org/is-document.all/-/is-document.all-1.0.0.tgz. Extracting by manifest.
684 silly tarball no local data for is-data-view@https://registry.npmjs.org/is-data-view/-/is-data-view-1.0.2.tgz. Extracting by manifest.
685 silly tarball no local data for is-core-module@https://registry.npmjs.org/is-core-module/-/is-core-module-2.16.2.tgz. Extracting by manifest.
686 silly tarball no local data for is-date-object@https://registry.npmjs.org/is-date-object/-/is-date-object-1.1.0.tgz. Extracting by manifest.
687 silly tarball no local data for is-callable@https://registry.npmjs.org/is-callable/-/is-callable-1.2.7.tgz. Extracting by manifest.
688 silly tarball no local data for is-boolean-object@https://registry.npmjs.org/is-boolean-object/-/is-boolean-object-1.2.2.tgz. Extracting by manifest.
689 silly tarball no local data for is-bun-module@https://registry.npmjs.org/is-bun-module/-/is-bun-module-2.0.0.tgz. Extracting by manifest.
690 silly tarball no local data for is-bigint@https://registry.npmjs.org/is-bigint/-/is-bigint-1.1.0.tgz. Extracting by manifest.
691 silly tarball no local data for is-async-function@https://registry.npmjs.org/is-async-function/-/is-async-function-2.1.1.tgz. Extracting by manifest.
692 silly tarball no local data for is-array-buffer@https://registry.npmjs.org/is-array-buffer/-/is-array-buffer-3.0.5.tgz. Extracting by manifest.
693 silly tarball no local data for ipaddr.js@https://registry.npmjs.org/ipaddr.js/-/ipaddr.js-2.2.0.tgz. Extracting by manifest.
694 silly tarball no local data for internal-slot@https://registry.npmjs.org/internal-slot/-/internal-slot-1.1.0.tgz. Extracting by manifest.
695 silly tarball no local data for imurmurhash@https://registry.npmjs.org/imurmurhash/-/imurmurhash-0.1.4.tgz. Extracting by manifest.
696 silly tarball no local data for import-fresh@https://registry.npmjs.org/import-fresh/-/import-fresh-3.3.1.tgz. Extracting by manifest.
697 silly tarball no local data for indent-string@https://registry.npmjs.org/indent-string/-/indent-string-4.0.0.tgz. Extracting by manifest.
698 silly tarball no local data for ignore@https://registry.npmjs.org/ignore/-/ignore-5.3.2.tgz. Extracting by manifest.
699 silly tarball no local data for iconv-lite@https://registry.npmjs.org/iconv-lite/-/iconv-lite-0.6.3.tgz. Extracting by manifest.
700 silly tarball no local data for hermes-estree@https://registry.npmjs.org/hermes-estree/-/hermes-estree-0.25.1.tgz. Extracting by manifest.
701 silly tarball no local data for https-proxy-agent@https://registry.npmjs.org/https-proxy-agent/-/https-proxy-agent-7.0.6.tgz. Extracting by manifest.
702 silly tarball no local data for hermes-parser@https://registry.npmjs.org/hermes-parser/-/hermes-parser-0.25.1.tgz. Extracting by manifest.
703 silly tarball no local data for http-proxy-agent@https://registry.npmjs.org/http-proxy-agent/-/http-proxy-agent-7.0.2.tgz. Extracting by manifest.
704 silly tarball no local data for hasown@https://registry.npmjs.org/hasown/-/hasown-2.0.4.tgz. Extracting by manifest.
705 silly tarball no local data for html-encoding-sniffer@https://registry.npmjs.org/html-encoding-sniffer/-/html-encoding-sniffer-4.0.0.tgz. Extracting by manifest.
706 silly tarball no local data for has-proto@https://registry.npmjs.org/has-proto/-/has-proto-1.2.0.tgz. Extracting by manifest.
707 silly tarball no local data for has-tostringtag@https://registry.npmjs.org/has-tostringtag/-/has-tostringtag-1.0.2.tgz. Extracting by manifest.
708 silly tarball no local data for has-property-descriptors@https://registry.npmjs.org/has-property-descriptors/-/has-property-descriptors-1.0.2.tgz. Extracting by manifest.
709 silly tarball no local data for has-symbols@https://registry.npmjs.org/has-symbols/-/has-symbols-1.1.0.tgz. Extracting by manifest.
710 silly tarball no local data for gopd@https://registry.npmjs.org/gopd/-/gopd-1.2.0.tgz. Extracting by manifest.
711 silly tarball no local data for globalthis@https://registry.npmjs.org/globalthis/-/globalthis-1.0.4.tgz. Extracting by manifest.
712 silly tarball no local data for has-flag@https://registry.npmjs.org/has-flag/-/has-flag-4.0.0.tgz. Extracting by manifest.
713 silly tarball no local data for has-bigints@https://registry.npmjs.org/has-bigints/-/has-bigints-1.1.0.tgz. Extracting by manifest.
714 silly tarball no local data for globals@https://registry.npmjs.org/globals/-/globals-14.0.0.tgz. Extracting by manifest.
715 silly tarball no local data for glob-parent@https://registry.npmjs.org/glob-parent/-/glob-parent-6.0.2.tgz. Extracting by manifest.
716 silly tarball no local data for get-tsconfig@https://registry.npmjs.org/get-tsconfig/-/get-tsconfig-4.14.0.tgz. Extracting by manifest.
717 silly tarball no local data for get-symbol-description@https://registry.npmjs.org/get-symbol-description/-/get-symbol-description-1.1.0.tgz. Extracting by manifest.
718 silly tarball no local data for get-proto@https://registry.npmjs.org/get-proto/-/get-proto-1.0.1.tgz. Extracting by manifest.
719 silly tarball no local data for get-intrinsic@https://registry.npmjs.org/get-intrinsic/-/get-intrinsic-1.3.0.tgz. Extracting by manifest.
720 silly tarball no local data for gensync@https://registry.npmjs.org/gensync/-/gensync-1.0.0-beta.2.tgz. Extracting by manifest.
721 silly tarball no local data for generator-function@https://registry.npmjs.org/generator-function/-/generator-function-2.0.1.tgz. Extracting by manifest.
722 silly tarball no local data for functions-have-names@https://registry.npmjs.org/functions-have-names/-/functions-have-names-1.2.3.tgz. Extracting by manifest.
723 silly tarball no local data for function.prototype.name@https://registry.npmjs.org/function.prototype.name/-/function.prototype.name-1.2.0.tgz. Extracting by manifest.
724 silly tarball no local data for function-bind@https://registry.npmjs.org/function-bind/-/function-bind-1.1.2.tgz. Extracting by manifest.
725 silly tarball no local data for for-each@https://registry.npmjs.org/for-each/-/for-each-0.3.5.tgz. Extracting by manifest.
726 silly tarball no local data for flatted@https://registry.npmjs.org/flatted/-/flatted-3.4.2.tgz. Extracting by manifest.
727 silly tarball no local data for flat-cache@https://registry.npmjs.org/flat-cache/-/flat-cache-4.0.1.tgz. Extracting by manifest.
728 silly tarball no local data for find-up@https://registry.npmjs.org/find-up/-/find-up-5.0.0.tgz. Extracting by manifest.
729 silly tarball no local data for fill-range@https://registry.npmjs.org/fill-range/-/fill-range-7.1.1.tgz. Extracting by manifest.
730 silly tarball no local data for file-entry-cache@https://registry.npmjs.org/file-entry-cache/-/file-entry-cache-8.0.0.tgz. Extracting by manifest.
731 silly tarball no local data for fastq@https://registry.npmjs.org/fastq/-/fastq-1.20.1.tgz. Extracting by manifest.
732 silly tarball no local data for fast-levenshtein@https://registry.npmjs.org/fast-levenshtein/-/fast-levenshtein-2.0.6.tgz. Extracting by manifest.
733 silly tarball no local data for fast-json-stable-stringify@https://registry.npmjs.org/fast-json-stable-stringify/-/fast-json-stable-stringify-2.1.0.tgz. Extracting by manifest.
734 silly tarball no local data for fast-glob@https://registry.npmjs.org/fast-glob/-/fast-glob-3.3.1.tgz. Extracting by manifest.
735 silly tarball no local data for fast-deep-equal@https://registry.npmjs.org/fast-deep-equal/-/fast-deep-equal-3.1.3.tgz. Extracting by manifest.
736 silly tarball no local data for estree-walker@https://registry.npmjs.org/estree-walker/-/estree-walker-3.0.3.tgz. Extracting by manifest.
737 silly tarball no local data for fake-indexeddb@https://registry.npmjs.org/fake-indexeddb/-/fake-indexeddb-6.2.5.tgz. Extracting by manifest.
738 silly tarball no local data for expect-type@https://registry.npmjs.org/expect-type/-/expect-type-1.4.0.tgz. Extracting by manifest.
739 silly tarball no local data for estraverse@https://registry.npmjs.org/estraverse/-/estraverse-5.3.0.tgz. Extracting by manifest.
740 silly tarball no local data for esrecurse@https://registry.npmjs.org/esrecurse/-/esrecurse-4.3.0.tgz. Extracting by manifest.
741 silly tarball no local data for esquery@https://registry.npmjs.org/esquery/-/esquery-1.7.0.tgz. Extracting by manifest.
742 silly tarball no local data for espree@https://registry.npmjs.org/espree/-/espree-10.4.0.tgz. Extracting by manifest.
743 silly tarball no local data for esutils@https://registry.npmjs.org/esutils/-/esutils-2.0.3.tgz. Extracting by manifest.
744 silly tarball no local data for eslint-visitor-keys@https://registry.npmjs.org/eslint-visitor-keys/-/eslint-visitor-keys-4.2.1.tgz. Extracting by manifest.
745 silly tarball no local data for eslint-scope@https://registry.npmjs.org/eslint-scope/-/eslint-scope-8.4.0.tgz. Extracting by manifest.
746 silly tarball no local data for eslint-plugin-react-hooks@https://registry.npmjs.org/eslint-plugin-react-hooks/-/eslint-plugin-react-hooks-7.1.1.tgz. Extracting by manifest.
747 silly tarball no local data for eslint-plugin-react@https://registry.npmjs.org/eslint-plugin-react/-/eslint-plugin-react-7.37.5.tgz. Extracting by manifest.
748 silly tarball no local data for eslint-plugin-jsx-a11y@https://registry.npmjs.org/eslint-plugin-jsx-a11y/-/eslint-plugin-jsx-a11y-6.10.2.tgz. Extracting by manifest.
749 silly tarball no local data for eslint-module-utils@https://registry.npmjs.org/eslint-module-utils/-/eslint-module-utils-2.14.0.tgz. Extracting by manifest.
750 silly tarball no local data for eslint-plugin-import@https://registry.npmjs.org/eslint-plugin-import/-/eslint-plugin-import-2.32.0.tgz. Extracting by manifest.
751 silly tarball no local data for eslint-import-resolver-typescript@https://registry.npmjs.org/eslint-import-resolver-typescript/-/eslint-import-resolver-typescript-3.10.1.tgz. Extracting by manifest.
752 silly tarball no local data for eslint-import-resolver-node@https://registry.npmjs.org/eslint-import-resolver-node/-/eslint-import-resolver-node-0.3.10.tgz. Extracting by manifest.
753 silly tarball no local data for escape-string-regexp@https://registry.npmjs.org/escape-string-regexp/-/escape-string-regexp-4.0.0.tgz. Extracting by manifest.
754 silly tarball no local data for eslint@https://registry.npmjs.org/eslint/-/eslint-9.39.5.tgz. Extracting by manifest.
755 silly tarball no local data for escalade@https://registry.npmjs.org/escalade/-/escalade-3.2.0.tgz. Extracting by manifest.
756 silly tarball no local data for eslint-config-next@https://registry.npmjs.org/eslint-config-next/-/eslint-config-next-16.2.11.tgz. Extracting by manifest.
757 silly tarball no local data for es-set-tostringtag@https://registry.npmjs.org/es-set-tostringtag/-/es-set-tostringtag-2.1.0.tgz. Extracting by manifest.
758 silly tarball no local data for es-to-primitive@https://registry.npmjs.org/es-to-primitive/-/es-to-primitive-1.3.4.tgz. Extracting by manifest.
759 silly tarball no local data for esbuild@https://registry.npmjs.org/esbuild/-/esbuild-0.25.12.tgz. Extracting by manifest.
760 silly tarball no local data for es-object-atoms@https://registry.npmjs.org/es-object-atoms/-/es-object-atoms-1.1.2.tgz. Extracting by manifest.
761 silly tarball no local data for es-module-lexer@https://registry.npmjs.org/es-module-lexer/-/es-module-lexer-1.7.0.tgz. Extracting by manifest.
762 silly tarball no local data for es-errors@https://registry.npmjs.org/es-errors/-/es-errors-1.3.0.tgz. Extracting by manifest.
763 silly tarball no local data for es-define-property@https://registry.npmjs.org/es-define-property/-/es-define-property-1.0.1.tgz. Extracting by manifest.
764 silly tarball no local data for es-shim-unscopables@https://registry.npmjs.org/es-shim-unscopables/-/es-shim-unscopables-1.1.0.tgz. Extracting by manifest.
765 silly tarball no local data for es-abstract@https://registry.npmjs.org/es-abstract/-/es-abstract-1.24.2.tgz. Extracting by manifest.
766 silly tarball no local data for es-abstract-get@https://registry.npmjs.org/es-abstract-get/-/es-abstract-get-1.0.0.tgz. Extracting by manifest.
767 silly tarball no local data for es-iterator-helpers@https://registry.npmjs.org/es-iterator-helpers/-/es-iterator-helpers-1.4.0.tgz. Extracting by manifest.
768 silly tarball no local data for emoji-regex@https://registry.npmjs.org/emoji-regex/-/emoji-regex-9.2.2.tgz. Extracting by manifest.
769 silly tarball no local data for dunder-proto@https://registry.npmjs.org/dunder-proto/-/dunder-proto-1.0.1.tgz. Extracting by manifest.
770 silly tarball no local data for doctrine@https://registry.npmjs.org/doctrine/-/doctrine-2.1.0.tgz. Extracting by manifest.
771 silly tarball no local data for electron-to-chromium@https://registry.npmjs.org/electron-to-chromium/-/electron-to-chromium-1.5.393.tgz. Extracting by manifest.
772 silly tarball no local data for detect-libc@https://registry.npmjs.org/detect-libc/-/detect-libc-2.1.2.tgz. Extracting by manifest.
773 silly tarball no local data for dequal@https://registry.npmjs.org/dequal/-/dequal-2.0.3.tgz. Extracting by manifest.
774 silly tarball no local data for define-properties@https://registry.npmjs.org/define-properties/-/define-properties-1.2.1.tgz. Extracting by manifest.
775 silly tarball no local data for dom-accessibility-api@https://registry.npmjs.org/dom-accessibility-api/-/dom-accessibility-api-0.5.16.tgz. Extracting by manifest.
776 silly tarball no local data for entities@https://registry.npmjs.org/entities/-/entities-6.0.1.tgz. Extracting by manifest.
777 silly tarball no local data for define-data-property@https://registry.npmjs.org/define-data-property/-/define-data-property-1.1.4.tgz. Extracting by manifest.
778 silly tarball no local data for deep-eql@https://registry.npmjs.org/deep-eql/-/deep-eql-5.0.2.tgz. Extracting by manifest.
779 silly tarball no local data for deep-is@https://registry.npmjs.org/deep-is/-/deep-is-0.1.4.tgz. Extracting by manifest.
780 silly tarball no local data for debug@https://registry.npmjs.org/debug/-/debug-4.4.3.tgz. Extracting by manifest.
781 silly tarball no local data for data-view-byte-length@https://registry.npmjs.org/data-view-byte-length/-/data-view-byte-length-1.0.2.tgz. Extracting by manifest.
782 silly tarball no local data for data-view-buffer@https://registry.npmjs.org/data-view-buffer/-/data-view-buffer-1.0.2.tgz. Extracting by manifest.
783 silly tarball no local data for data-urls@https://registry.npmjs.org/data-urls/-/data-urls-5.0.0.tgz. Extracting by manifest.
784 silly tarball no local data for data-view-byte-offset@https://registry.npmjs.org/data-view-byte-offset/-/data-view-byte-offset-1.0.1.tgz. Extracting by manifest.
785 silly tarball no local data for decimal.js@https://registry.npmjs.org/decimal.js/-/decimal.js-10.6.0.tgz. Extracting by manifest.
786 silly tarball no local data for damerau-levenshtein@https://registry.npmjs.org/damerau-levenshtein/-/damerau-levenshtein-1.0.8.tgz. Extracting by manifest.
787 silly tarball no local data for csstype@https://registry.npmjs.org/csstype/-/csstype-3.2.3.tgz. Extracting by manifest.
788 silly tarball no local data for cssstyle@https://registry.npmjs.org/cssstyle/-/cssstyle-4.6.0.tgz. Extracting by manifest.
789 silly tarball no local data for cross-spawn@https://registry.npmjs.org/cross-spawn/-/cross-spawn-7.0.6.tgz. Extracting by manifest.
790 silly tarball no local data for convert-source-map@https://registry.npmjs.org/convert-source-map/-/convert-source-map-2.0.0.tgz. Extracting by manifest.
791 silly tarball no local data for css.escape@https://registry.npmjs.org/css.escape/-/css.escape-1.5.1.tgz. Extracting by manifest.
792 silly tarball no local data for concat-map@https://registry.npmjs.org/concat-map/-/concat-map-0.0.1.tgz. Extracting by manifest.
793 silly tarball no local data for color-name@https://registry.npmjs.org/color-name/-/color-name-1.1.4.tgz. Extracting by manifest.
794 silly tarball no local data for color-convert@https://registry.npmjs.org/color-convert/-/color-convert-2.0.1.tgz. Extracting by manifest.
795 silly tarball no local data for caniuse-lite@https://registry.npmjs.org/caniuse-lite/-/caniuse-lite-1.0.30001806.tgz. Extracting by manifest.
796 silly tarball no local data for check-error@https://registry.npmjs.org/check-error/-/check-error-2.1.3.tgz. Extracting by manifest.
797 silly tarball no local data for client-only@https://registry.npmjs.org/client-only/-/client-only-0.0.1.tgz. Extracting by manifest.
798 silly tarball no local data for callsites@https://registry.npmjs.org/callsites/-/callsites-3.1.0.tgz. Extracting by manifest.
799 silly tarball no local data for call-bound@https://registry.npmjs.org/call-bound/-/call-bound-1.0.4.tgz. Extracting by manifest.
800 silly tarball no local data for chalk@https://registry.npmjs.org/chalk/-/chalk-3.0.0.tgz. Extracting by manifest.
801 silly tarball no local data for call-bind-apply-helpers@https://registry.npmjs.org/call-bind-apply-helpers/-/call-bind-apply-helpers-1.0.2.tgz. Extracting by manifest.
802 silly tarball no local data for chai@https://registry.npmjs.org/chai/-/chai-5.3.3.tgz. Extracting by manifest.
803 silly tarball no local data for call-bind@https://registry.npmjs.org/call-bind/-/call-bind-1.0.9.tgz. Extracting by manifest.
804 silly tarball no local data for cac@https://registry.npmjs.org/cac/-/cac-6.7.14.tgz. Extracting by manifest.
805 silly tarball no local data for browserslist@https://registry.npmjs.org/browserslist/-/browserslist-4.28.6.tgz. Extracting by manifest.
806 silly tarball no local data for braces@https://registry.npmjs.org/braces/-/braces-3.0.3.tgz. Extracting by manifest.
807 silly tarball no local data for brace-expansion@https://registry.npmjs.org/brace-expansion/-/brace-expansion-1.1.16.tgz. Extracting by manifest.
808 silly tarball no local data for axobject-query@https://registry.npmjs.org/axobject-query/-/axobject-query-4.1.0.tgz. Extracting by manifest.
809 silly tarball no local data for balanced-match@https://registry.npmjs.org/balanced-match/-/balanced-match-1.0.2.tgz. Extracting by manifest.
810 silly tarball no local data for available-typed-arrays@https://registry.npmjs.org/available-typed-arrays/-/available-typed-arrays-1.0.7.tgz. Extracting by manifest.
811 silly tarball no local data for axe-core@https://registry.npmjs.org/axe-core/-/axe-core-4.12.1.tgz. Extracting by manifest.
812 silly tarball no local data for ast-types-flow@https://registry.npmjs.org/ast-types-flow/-/ast-types-flow-0.0.8.tgz. Extracting by manifest.
813 silly tarball no local data for baseline-browser-mapping@https://registry.npmjs.org/baseline-browser-mapping/-/baseline-browser-mapping-2.10.43.tgz. Extracting by manifest.
814 silly tarball no local data for async-function@https://registry.npmjs.org/async-function/-/async-function-1.0.0.tgz. Extracting by manifest.
815 silly tarball no local data for array.prototype.tosorted@https://registry.npmjs.org/array.prototype.tosorted/-/array.prototype.tosorted-1.1.4.tgz. Extracting by manifest.
816 silly tarball no local data for assertion-error@https://registry.npmjs.org/assertion-error/-/assertion-error-2.0.1.tgz. Extracting by manifest.
817 silly tarball no local data for arraybuffer.prototype.slice@https://registry.npmjs.org/arraybuffer.prototype.slice/-/arraybuffer.prototype.slice-1.0.4.tgz. Extracting by manifest.
818 silly tarball no local data for array.prototype.flatmap@https://registry.npmjs.org/array.prototype.flatmap/-/array.prototype.flatmap-1.3.3.tgz. Extracting by manifest.
819 silly tarball no local data for array.prototype.flat@https://registry.npmjs.org/array.prototype.flat/-/array.prototype.flat-1.3.3.tgz. Extracting by manifest.
820 silly tarball no local data for array.prototype.findlast@https://registry.npmjs.org/array.prototype.findlast/-/array.prototype.findlast-1.2.5.tgz. Extracting by manifest.
821 silly tarball no local data for array-includes@https://registry.npmjs.org/array-includes/-/array-includes-3.1.9.tgz. Extracting by manifest.
822 silly tarball no local data for array-buffer-byte-length@https://registry.npmjs.org/array-buffer-byte-length/-/array-buffer-byte-length-1.0.2.tgz. Extracting by manifest.
823 silly tarball no local data for array.prototype.findlastindex@https://registry.npmjs.org/array.prototype.findlastindex/-/array.prototype.findlastindex-1.2.6.tgz. Extracting by manifest.
824 silly tarball no local data for aria-query@https://registry.npmjs.org/aria-query/-/aria-query-5.3.0.tgz. Extracting by manifest.
825 silly tarball no local data for ansi-styles@https://registry.npmjs.org/ansi-styles/-/ansi-styles-4.3.0.tgz. Extracting by manifest.
826 silly tarball no local data for argparse@https://registry.npmjs.org/argparse/-/argparse-2.0.1.tgz. Extracting by manifest.
827 silly tarball no local data for agent-base@https://registry.npmjs.org/agent-base/-/agent-base-7.1.4.tgz. Extracting by manifest.
828 silly tarball no local data for ajv@https://registry.npmjs.org/ajv/-/ajv-6.15.0.tgz. Extracting by manifest.
829 silly tarball no local data for acorn-jsx@https://registry.npmjs.org/acorn-jsx/-/acorn-jsx-5.3.2.tgz. Extracting by manifest.
830 silly tarball no local data for ansi-regex@https://registry.npmjs.org/ansi-regex/-/ansi-regex-5.0.1.tgz. Extracting by manifest.
831 silly tarball no local data for acorn@https://registry.npmjs.org/acorn/-/acorn-8.17.0.tgz. Extracting by manifest.
832 silly tarball no local data for @vitest/spy@https://registry.npmjs.org/@vitest/spy/-/spy-3.2.7.tgz. Extracting by manifest.
833 silly tarball no local data for @vitest/utils@https://registry.npmjs.org/@vitest/utils/-/utils-3.2.7.tgz. Extracting by manifest.
834 silly tarball no local data for @vitest/runner@https://registry.npmjs.org/@vitest/runner/-/runner-3.2.7.tgz. Extracting by manifest.
835 silly tarball no local data for @vitest/pretty-format@https://registry.npmjs.org/@vitest/pretty-format/-/pretty-format-3.2.7.tgz. Extracting by manifest.
836 silly tarball no local data for @vitest/mocker@https://registry.npmjs.org/@vitest/mocker/-/mocker-3.2.7.tgz. Extracting by manifest.
837 silly tarball no local data for @vitest/snapshot@https://registry.npmjs.org/@vitest/snapshot/-/snapshot-3.2.7.tgz. Extracting by manifest.
838 silly tarball no local data for @typescript-eslint/visitor-keys@https://registry.npmjs.org/@typescript-eslint/visitor-keys/-/visitor-keys-8.64.0.tgz. Extracting by manifest.
839 silly tarball no local data for @vitest/expect@https://registry.npmjs.org/@vitest/expect/-/expect-3.2.7.tgz. Extracting by manifest.
840 silly tarball no local data for @typescript-eslint/utils@https://registry.npmjs.org/@typescript-eslint/utils/-/utils-8.64.0.tgz. Extracting by manifest.
841 silly tarball no local data for @vitejs/plugin-react@https://registry.npmjs.org/@vitejs/plugin-react/-/plugin-react-4.4.1.tgz. Extracting by manifest.
842 silly tarball no local data for @typescript-eslint/types@https://registry.npmjs.org/@typescript-eslint/types/-/types-8.64.0.tgz. Extracting by manifest.
843 silly tarball no local data for @unrs/resolver-binding-win32-x64-msvc@https://registry.npmjs.org/@unrs/resolver-binding-win32-x64-msvc/-/resolver-binding-win32-x64-msvc-1.12.2.tgz. Extracting by manifest.
844 silly tarball no local data for @typescript-eslint/typescript-estree@https://registry.npmjs.org/@typescript-eslint/typescript-estree/-/typescript-estree-8.64.0.tgz. Extracting by manifest.
845 silly tarball no local data for @typescript-eslint/tsconfig-utils@https://registry.npmjs.org/@typescript-eslint/tsconfig-utils/-/tsconfig-utils-8.64.0.tgz. Extracting by manifest.
846 silly tarball no local data for @typescript-eslint/type-utils@https://registry.npmjs.org/@typescript-eslint/type-utils/-/type-utils-8.64.0.tgz. Extracting by manifest.
847 silly tarball no local data for @typescript-eslint/scope-manager@https://registry.npmjs.org/@typescript-eslint/scope-manager/-/scope-manager-8.64.0.tgz. Extracting by manifest.
848 silly tarball no local data for @types/react-dom@https://registry.npmjs.org/@types/react-dom/-/react-dom-19.1.2.tgz. Extracting by manifest.
849 silly tarball no local data for @types/react@https://registry.npmjs.org/@types/react/-/react-19.1.2.tgz. Extracting by manifest.
850 silly tarball no local data for @typescript-eslint/parser@https://registry.npmjs.org/@typescript-eslint/parser/-/parser-8.64.0.tgz. Extracting by manifest.
851 silly tarball no local data for @typescript-eslint/project-service@https://registry.npmjs.org/@typescript-eslint/project-service/-/project-service-8.64.0.tgz. Extracting by manifest.
852 silly tarball no local data for @typescript-eslint/eslint-plugin@https://registry.npmjs.org/@typescript-eslint/eslint-plugin/-/eslint-plugin-8.64.0.tgz. Extracting by manifest.
853 silly tarball no local data for @types/pg@https://registry.npmjs.org/@types/pg/-/pg-8.20.0.tgz. Extracting by manifest.
854 silly tarball no local data for @types/node@https://registry.npmjs.org/@types/node/-/node-22.15.3.tgz. Extracting by manifest.
855 silly tarball no local data for @types/estree@https://registry.npmjs.org/@types/estree/-/estree-1.0.9.tgz. Extracting by manifest.
856 silly tarball no local data for @types/json5@https://registry.npmjs.org/@types/json5/-/json5-0.0.29.tgz. Extracting by manifest.
857 silly tarball no local data for @types/json-schema@https://registry.npmjs.org/@types/json-schema/-/json-schema-7.0.15.tgz. Extracting by manifest.
858 silly tarball no local data for @types/deep-eql@https://registry.npmjs.org/@types/deep-eql/-/deep-eql-4.0.2.tgz. Extracting by manifest.
859 silly tarball no local data for @types/chai@https://registry.npmjs.org/@types/chai/-/chai-5.2.3.tgz. Extracting by manifest.
860 silly tarball no local data for @types/babel__traverse@https://registry.npmjs.org/@types/babel__traverse/-/babel__traverse-7.28.0.tgz. Extracting by manifest.
861 silly tarball no local data for @testing-library/react@https://registry.npmjs.org/@testing-library/react/-/react-16.3.0.tgz. Extracting by manifest.
862 silly tarball no local data for @testing-library/jest-dom@https://registry.npmjs.org/@testing-library/jest-dom/-/jest-dom-6.6.3.tgz. Extracting by manifest.
863 silly tarball no local data for @types/babel__core@https://registry.npmjs.org/@types/babel__core/-/babel__core-7.20.5.tgz. Extracting by manifest.
864 silly tarball no local data for @types/aria-query@https://registry.npmjs.org/@types/aria-query/-/aria-query-5.0.4.tgz. Extracting by manifest.
865 silly tarball no local data for @types/babel__template@https://registry.npmjs.org/@types/babel__template/-/babel__template-7.4.4.tgz. Extracting by manifest.
866 silly tarball no local data for @testing-library/dom@https://registry.npmjs.org/@testing-library/dom/-/dom-10.4.1.tgz. Extracting by manifest.
867 silly tarball no local data for @types/babel__generator@https://registry.npmjs.org/@types/babel__generator/-/babel__generator-7.27.0.tgz. Extracting by manifest.
868 silly tarball no local data for @swc/helpers@https://registry.npmjs.org/@swc/helpers/-/helpers-0.5.15.tgz. Extracting by manifest.
869 silly tarball no local data for @rollup/rollup-win32-x64-msvc@https://registry.npmjs.org/@rollup/rollup-win32-x64-msvc/-/rollup-win32-x64-msvc-4.62.2.tgz. Extracting by manifest.
870 silly tarball no local data for @rollup/rollup-win32-x64-gnu@https://registry.npmjs.org/@rollup/rollup-win32-x64-gnu/-/rollup-win32-x64-gnu-4.62.2.tgz. Extracting by manifest.
871 silly tarball no local data for @rtsao/scc@https://registry.npmjs.org/@rtsao/scc/-/scc-1.1.0.tgz. Extracting by manifest.
872 silly tarball no local data for @nolyfill/is-core-module@https://registry.npmjs.org/@nolyfill/is-core-module/-/is-core-module-1.0.39.tgz. Extracting by manifest.
873 silly tarball no local data for @next/swc-win32-x64-msvc@https://registry.npmjs.org/@next/swc-win32-x64-msvc/-/swc-win32-x64-msvc-16.2.11.tgz. Extracting by manifest.
874 silly tarball no local data for @next/eslint-plugin-next@https://registry.npmjs.org/@next/eslint-plugin-next/-/eslint-plugin-next-16.2.11.tgz. Extracting by manifest.
875 silly tarball no local data for @nodelib/fs.walk@https://registry.npmjs.org/@nodelib/fs.walk/-/fs.walk-1.2.8.tgz. Extracting by manifest.
876 silly tarball no local data for @nodelib/fs.stat@https://registry.npmjs.org/@nodelib/fs.stat/-/fs.stat-2.0.5.tgz. Extracting by manifest.
877 silly tarball no local data for @next/env@https://registry.npmjs.org/@next/env/-/env-16.2.11.tgz. Extracting by manifest.
878 silly tarball no local data for @nodelib/fs.scandir@https://registry.npmjs.org/@nodelib/fs.scandir/-/fs.scandir-2.1.5.tgz. Extracting by manifest.
879 silly tarball no local data for @neondatabase/serverless@https://registry.npmjs.org/@neondatabase/serverless/-/serverless-1.0.2.tgz. Extracting by manifest.
880 silly tarball no local data for @jridgewell/trace-mapping@https://registry.npmjs.org/@jridgewell/trace-mapping/-/trace-mapping-0.3.31.tgz. Extracting by manifest.
881 silly tarball no local data for @jridgewell/resolve-uri@https://registry.npmjs.org/@jridgewell/resolve-uri/-/resolve-uri-3.1.2.tgz. Extracting by manifest.
882 silly tarball no local data for @jridgewell/sourcemap-codec@https://registry.npmjs.org/@jridgewell/sourcemap-codec/-/sourcemap-codec-1.5.5.tgz. Extracting by manifest.
883 silly tarball no local data for @jridgewell/remapping@https://registry.npmjs.org/@jridgewell/remapping/-/remapping-2.3.5.tgz. Extracting by manifest.
884 silly tarball no local data for @jridgewell/gen-mapping@https://registry.npmjs.org/@jridgewell/gen-mapping/-/gen-mapping-0.3.13.tgz. Extracting by manifest.
885 silly tarball no local data for @img/sharp-win32-x64@https://registry.npmjs.org/@img/sharp-win32-x64/-/sharp-win32-x64-0.35.3.tgz. Extracting by manifest.
886 silly tarball no local data for @humanwhocodes/retry@https://registry.npmjs.org/@humanwhocodes/retry/-/retry-0.4.3.tgz. Extracting by manifest.
887 silly tarball no local data for @humanwhocodes/module-importer@https://registry.npmjs.org/@humanwhocodes/module-importer/-/module-importer-1.0.1.tgz. Extracting by manifest.
888 silly tarball no local data for @humanfs/types@https://registry.npmjs.org/@humanfs/types/-/types-0.15.0.tgz. Extracting by manifest.
889 silly tarball no local data for @img/colour@https://registry.npmjs.org/@img/colour/-/colour-1.1.0.tgz. Extracting by manifest.
890 silly tarball no local data for @eslint/plugin-kit@https://registry.npmjs.org/@eslint/plugin-kit/-/plugin-kit-0.4.1.tgz. Extracting by manifest.
891 silly tarball no local data for @humanfs/core@https://registry.npmjs.org/@humanfs/core/-/core-0.19.2.tgz. Extracting by manifest.
892 silly tarball no local data for @humanfs/node@https://registry.npmjs.org/@humanfs/node/-/node-0.16.8.tgz. Extracting by manifest.
893 silly tarball no local data for @eslint/js@https://registry.npmjs.org/@eslint/js/-/js-9.39.5.tgz. Extracting by manifest.
894 silly tarball no local data for @eslint/eslintrc@https://registry.npmjs.org/@eslint/eslintrc/-/eslintrc-3.3.6.tgz. Extracting by manifest.
895 silly tarball no local data for @eslint/object-schema@https://registry.npmjs.org/@eslint/object-schema/-/object-schema-2.1.7.tgz. Extracting by manifest.
896 silly tarball no local data for @eslint/core@https://registry.npmjs.org/@eslint/core/-/core-0.17.0.tgz. Extracting by manifest.
897 silly tarball no local data for @eslint-community/regexpp@https://registry.npmjs.org/@eslint-community/regexpp/-/regexpp-4.12.2.tgz. Extracting by manifest.
898 silly tarball no local data for @eslint/config-helpers@https://registry.npmjs.org/@eslint/config-helpers/-/config-helpers-0.4.2.tgz. Extracting by manifest.
899 silly tarball no local data for @esbuild/win32-x64@https://registry.npmjs.org/@esbuild/win32-x64/-/win32-x64-0.25.12.tgz. Extracting by manifest.
900 silly tarball no local data for @eslint-community/eslint-utils@https://registry.npmjs.org/@eslint-community/eslint-utils/-/eslint-utils-4.9.1.tgz. Extracting by manifest.
901 silly tarball no local data for @eslint/config-array@https://registry.npmjs.org/@eslint/config-array/-/config-array-0.21.2.tgz. Extracting by manifest.
902 silly tarball no local data for @electric-sql/pglite@https://registry.npmjs.org/@electric-sql/pglite/-/pglite-0.3.7.tgz. Extracting by manifest.
903 silly tarball no local data for @csstools/css-tokenizer@https://registry.npmjs.org/@csstools/css-tokenizer/-/css-tokenizer-3.0.4.tgz. Extracting by manifest.
904 silly tarball no local data for @csstools/css-parser-algorithms@https://registry.npmjs.org/@csstools/css-parser-algorithms/-/css-parser-algorithms-3.0.5.tgz. Extracting by manifest.
905 silly tarball no local data for @csstools/css-color-parser@https://registry.npmjs.org/@csstools/css-color-parser/-/css-color-parser-3.1.0.tgz. Extracting by manifest.
906 silly tarball no local data for @csstools/css-calc@https://registry.npmjs.org/@csstools/css-calc/-/css-calc-2.1.4.tgz. Extracting by manifest.
907 silly tarball no local data for @babel/types@https://registry.npmjs.org/@babel/types/-/types-7.29.7.tgz. Extracting by manifest.
908 silly tarball no local data for @csstools/color-helpers@https://registry.npmjs.org/@csstools/color-helpers/-/color-helpers-5.1.0.tgz. Extracting by manifest.
909 silly tarball no local data for @babel/traverse@https://registry.npmjs.org/@babel/traverse/-/traverse-7.29.7.tgz. Extracting by manifest.
910 silly tarball no local data for @babel/template@https://registry.npmjs.org/@babel/template/-/template-7.29.7.tgz. Extracting by manifest.
911 silly tarball no local data for @babel/parser@https://registry.npmjs.org/@babel/parser/-/parser-7.29.7.tgz. Extracting by manifest.
912 silly tarball no local data for @babel/helpers@https://registry.npmjs.org/@babel/helpers/-/helpers-7.29.7.tgz. Extracting by manifest.
913 silly tarball no local data for @babel/runtime@https://registry.npmjs.org/@babel/runtime/-/runtime-7.29.7.tgz. Extracting by manifest.
914 silly tarball no local data for @babel/helper-validator-option@https://registry.npmjs.org/@babel/helper-validator-option/-/helper-validator-option-7.29.7.tgz. Extracting by manifest.
915 silly tarball no local data for @babel/plugin-transform-react-jsx-self@https://registry.npmjs.org/@babel/plugin-transform-react-jsx-self/-/plugin-transform-react-jsx-self-7.29.7.tgz. Extracting by manifest.
916 silly tarball no local data for @babel/helper-validator-identifier@https://registry.npmjs.org/@babel/helper-validator-identifier/-/helper-validator-identifier-7.29.7.tgz. Extracting by manifest.
917 silly tarball no local data for @babel/helper-string-parser@https://registry.npmjs.org/@babel/helper-string-parser/-/helper-string-parser-7.29.7.tgz. Extracting by manifest.
918 silly tarball no local data for @babel/helper-module-transforms@https://registry.npmjs.org/@babel/helper-module-transforms/-/helper-module-transforms-7.29.7.tgz. Extracting by manifest.
919 silly tarball no local data for @babel/helper-plugin-utils@https://registry.npmjs.org/@babel/helper-plugin-utils/-/helper-plugin-utils-7.29.7.tgz. Extracting by manifest.
920 silly tarball no local data for @babel/helper-module-imports@https://registry.npmjs.org/@babel/helper-module-imports/-/helper-module-imports-7.29.7.tgz. Extracting by manifest.
921 silly tarball no local data for @babel/plugin-transform-react-jsx-source@https://registry.npmjs.org/@babel/plugin-transform-react-jsx-source/-/plugin-transform-react-jsx-source-7.29.7.tgz. Extracting by manifest.
922 silly tarball no local data for @babel/helper-globals@https://registry.npmjs.org/@babel/helper-globals/-/helper-globals-7.29.7.tgz. Extracting by manifest.
923 silly tarball no local data for @babel/helper-compilation-targets@https://registry.npmjs.org/@babel/helper-compilation-targets/-/helper-compilation-targets-7.29.7.tgz. Extracting by manifest.
924 silly tarball no local data for @babel/generator@https://registry.npmjs.org/@babel/generator/-/generator-7.29.7.tgz. Extracting by manifest.
925 silly tarball no local data for @babel/code-frame@https://registry.npmjs.org/@babel/code-frame/-/code-frame-7.29.7.tgz. Extracting by manifest.
926 silly tarball no local data for @adobe/css-tools@https://registry.npmjs.org/@adobe/css-tools/-/css-tools-4.5.0.tgz. Extracting by manifest.
927 silly tarball no local data for @babel/core@https://registry.npmjs.org/@babel/core/-/core-7.29.7.tgz. Extracting by manifest.
928 silly tarball no local data for @babel/compat-data@https://registry.npmjs.org/@babel/compat-data/-/compat-data-7.29.7.tgz. Extracting by manifest.
929 silly tarball no local data for @asamuzakjp/css-color@https://registry.npmjs.org/@asamuzakjp/css-color/-/css-color-3.2.0.tgz. Extracting by manifest.
930 silly tarball no local data for picomatch@https://registry.npmjs.org/picomatch/-/picomatch-4.0.5.tgz. Extracting by manifest.
931 silly tarball no local data for picomatch@https://registry.npmjs.org/picomatch/-/picomatch-4.0.5.tgz. Extracting by manifest.
932 silly tarball no local data for fdir@https://registry.npmjs.org/fdir/-/fdir-6.5.0.tgz. Extracting by manifest.
933 silly tarball no local data for picomatch@https://registry.npmjs.org/picomatch/-/picomatch-4.0.5.tgz. Extracting by manifest.
934 silly tarball no local data for fdir@https://registry.npmjs.org/fdir/-/fdir-6.5.0.tgz. Extracting by manifest.
935 silly tarball no local data for json5@https://registry.npmjs.org/json5/-/json5-1.0.2.tgz. Extracting by manifest.
936 silly tarball no local data for js-tokens@https://registry.npmjs.org/js-tokens/-/js-tokens-9.0.1.tgz. Extracting by manifest.
937 silly tarball no local data for ansi-styles@https://registry.npmjs.org/ansi-styles/-/ansi-styles-5.2.0.tgz. Extracting by manifest.
938 silly tarball no local data for semver@https://registry.npmjs.org/semver/-/semver-6.3.1.tgz. Extracting by manifest.
939 silly tarball no local data for react-is@https://registry.npmjs.org/react-is/-/react-is-16.13.1.tgz. Extracting by manifest.
940 silly tarball no local data for glob-parent@https://registry.npmjs.org/glob-parent/-/glob-parent-5.1.2.tgz. Extracting by manifest.
941 silly tarball no local data for semver@https://registry.npmjs.org/semver/-/semver-6.3.1.tgz. Extracting by manifest.
942 silly tarball no local data for aria-query@https://registry.npmjs.org/aria-query/-/aria-query-5.3.2.tgz. Extracting by manifest.
943 silly tarball no local data for debug@https://registry.npmjs.org/debug/-/debug-3.2.7.tgz. Extracting by manifest.
944 silly tarball no local data for semver@https://registry.npmjs.org/semver/-/semver-6.3.1.tgz. Extracting by manifest.
945 silly tarball no local data for debug@https://registry.npmjs.org/debug/-/debug-3.2.7.tgz. Extracting by manifest.
946 silly tarball no local data for globals@https://registry.npmjs.org/globals/-/globals-16.4.0.tgz. Extracting by manifest.
947 silly tarball no local data for debug@https://registry.npmjs.org/debug/-/debug-3.2.7.tgz. Extracting by manifest.
948 silly tarball no local data for eslint-visitor-keys@https://registry.npmjs.org/eslint-visitor-keys/-/eslint-visitor-keys-5.0.1.tgz. Extracting by manifest.
949 silly tarball no local data for chalk@https://registry.npmjs.org/chalk/-/chalk-4.1.2.tgz. Extracting by manifest.
950 silly tarball no local data for ignore@https://registry.npmjs.org/ignore/-/ignore-7.0.6.tgz. Extracting by manifest.
951 silly tarball no local data for dom-accessibility-api@https://registry.npmjs.org/dom-accessibility-api/-/dom-accessibility-api-0.6.3.tgz. Extracting by manifest.
952 silly tarball no local data for minimatch@https://registry.npmjs.org/minimatch/-/minimatch-10.2.5.tgz. Extracting by manifest.
953 silly tarball no local data for brace-expansion@https://registry.npmjs.org/brace-expansion/-/brace-expansion-5.0.7.tgz. Extracting by manifest.
954 silly tarball no local data for semver@https://registry.npmjs.org/semver/-/semver-6.3.1.tgz. Extracting by manifest.
955 silly tarball no local data for @types/node@https://registry.npmjs.org/@types/node/-/node-22.20.1.tgz. Extracting by manifest.
956 silly tarball no local data for semver@https://registry.npmjs.org/semver/-/semver-6.3.1.tgz. Extracting by manifest.
957 silly tarball no local data for eslint-visitor-keys@https://registry.npmjs.org/eslint-visitor-keys/-/eslint-visitor-keys-3.4.3.tgz. Extracting by manifest.
958 silly tarball no local data for balanced-match@https://registry.npmjs.org/balanced-match/-/balanced-match-4.0.4.tgz. Extracting by manifest.
959 silly tarball no local data for lru-cache@https://registry.npmjs.org/lru-cache/-/lru-cache-10.4.3.tgz. Extracting by manifest.
960 http fetch GET 200 https://registry.npmjs.org/npm 703ms
961 http fetch GET 200 https://registry.npmjs.org/yocto-queue/-/yocto-queue-0.1.0.tgz 380ms (cache miss)
962 http fetch GET 200 https://registry.npmjs.org/which-boxed-primitive/-/which-boxed-primitive-1.1.1.tgz 376ms (cache miss)
963 http fetch GET 200 https://registry.npmjs.org/yallist/-/yallist-3.1.1.tgz 380ms (cache miss)
964 http fetch GET 200 https://registry.npmjs.org/xtend/-/xtend-4.0.2.tgz 381ms (cache miss)
965 http fetch GET 200 https://registry.npmjs.org/xml-name-validator/-/xml-name-validator-5.0.0.tgz 382ms (cache miss)
966 http fetch GET 200 https://registry.npmjs.org/which-builtin-type/-/which-builtin-type-1.2.1.tgz 384ms (cache miss)
967 http fetch GET 200 https://registry.npmjs.org/word-wrap/-/word-wrap-1.2.5.tgz 418ms (cache miss)
968 http fetch GET 200 https://registry.npmjs.org/why-is-node-running/-/why-is-node-running-2.3.0.tgz 421ms (cache miss)
969 http fetch GET 200 https://registry.npmjs.org/which-collection/-/which-collection-1.0.2.tgz 427ms (cache miss)
970 http fetch GET 200 https://registry.npmjs.org/which-typed-array/-/which-typed-array-1.1.22.tgz 430ms (cache miss)
971 http fetch GET 200 https://registry.npmjs.org/whatwg-mimetype/-/whatwg-mimetype-4.0.0.tgz 434ms (cache miss)
972 http fetch GET 200 https://registry.npmjs.org/webidl-conversions/-/webidl-conversions-7.0.0.tgz 435ms (cache miss)
973 http fetch GET 200 https://registry.npmjs.org/which/-/which-2.0.2.tgz 439ms (cache miss)
974 http fetch GET 200 https://registry.npmjs.org/whatwg-encoding/-/whatwg-encoding-3.1.1.tgz 448ms (cache miss)
975 warn deprecated whatwg-encoding@3.1.1: Use @exodus/bytes instead for a more spec-conformant and faster implementation
976 http fetch GET 200 https://registry.npmjs.org/w3c-xmlserializer/-/w3c-xmlserializer-5.0.0.tgz 471ms (cache miss)
977 http fetch GET 200 https://registry.npmjs.org/zod-validation-error/-/zod-validation-error-4.0.2.tgz 479ms (cache miss)
978 http fetch POST 200 https://registry.npmjs.org/-/npm/v1/security/advisories/bulk 587ms
979 silly audit report {}
980 http fetch GET 200 https://registry.npmjs.org/xmlchars/-/xmlchars-2.2.0.tgz 486ms (cache miss)
981 http fetch GET 200 https://registry.npmjs.org/whatwg-url/-/whatwg-url-14.2.0.tgz 483ms (cache miss)
982 http fetch GET 200 https://registry.npmjs.org/ws/-/ws-8.21.1.tgz 499ms (cache miss)
983 http fetch GET 200 https://registry.npmjs.org/unrs-resolver/-/unrs-resolver-1.12.2.tgz 502ms (cache miss)
984 http fetch GET 200 https://registry.npmjs.org/update-browserslist-db/-/update-browserslist-db-1.2.3.tgz 510ms (cache miss)
985 http fetch GET 200 https://registry.npmjs.org/typed-array-length/-/typed-array-length-1.0.8.tgz 522ms (cache miss)
986 http fetch GET 200 https://registry.npmjs.org/unbox-primitive/-/unbox-primitive-1.1.0.tgz 526ms (cache miss)
987 http fetch GET 200 https://registry.npmjs.org/typed-array-byte-offset/-/typed-array-byte-offset-1.0.4.tgz 530ms (cache miss)
988 http fetch GET 200 https://registry.npmjs.org/typescript-eslint/-/typescript-eslint-8.64.0.tgz 531ms (cache miss)
989 http fetch GET 200 https://registry.npmjs.org/typed-array-byte-length/-/typed-array-byte-length-1.0.3.tgz 536ms (cache miss)
990 http fetch GET 200 https://registry.npmjs.org/typed-array-buffer/-/typed-array-buffer-1.0.3.tgz 558ms (cache miss)
991 http fetch GET 200 https://registry.npmjs.org/type-check/-/type-check-0.4.0.tgz 568ms (cache miss)
992 http fetch GET 200 https://registry.npmjs.org/undici-types/-/undici-types-6.21.0.tgz 581ms (cache miss)
993 http fetch GET 200 https://registry.npmjs.org/to-regex-range/-/to-regex-range-5.0.1.tgz 582ms (cache miss)
994 http fetch GET 200 https://registry.npmjs.org/vite-node/-/vite-node-3.2.4.tgz 594ms (cache miss)
995 http fetch GET 200 https://registry.npmjs.org/tinyrainbow/-/tinyrainbow-2.0.0.tgz 620ms (cache miss)
996 http fetch GET 200 https://registry.npmjs.org/uri-js/-/uri-js-4.4.1.tgz 645ms (cache miss)
997 http fetch GET 200 https://registry.npmjs.org/tinyexec/-/tinyexec-0.3.2.tgz 664ms (cache miss)
998 http fetch GET 200 https://registry.npmjs.org/tsconfig-paths/-/tsconfig-paths-3.15.0.tgz 682ms (cache miss)
999 http fetch GET 200 https://registry.npmjs.org/tr46/-/tr46-5.1.1.tgz 717ms (cache miss)
1000 http fetch GET 200 https://registry.npmjs.org/ts-api-utils/-/ts-api-utils-2.5.0.tgz 733ms (cache miss)
1001 http fetch GET 200 https://registry.npmjs.org/tinybench/-/tinybench-2.9.0.tgz 732ms (cache miss)
1002 http fetch GET 200 https://registry.npmjs.org/tinypool/-/tinypool-1.1.1.tgz 746ms (cache miss)
1003 http fetch GET 200 https://registry.npmjs.org/tinyspy/-/tinyspy-4.0.4.tgz 774ms (cache miss)
1004 http fetch GET 200 https://registry.npmjs.org/symbol-tree/-/symbol-tree-3.2.4.tgz 774ms (cache miss)
1005 http fetch GET 200 https://registry.npmjs.org/strip-json-comments/-/strip-json-comments-3.1.1.tgz 796ms (cache miss)
1006 http fetch GET 200 https://registry.npmjs.org/strip-literal/-/strip-literal-3.1.0.tgz 805ms (cache miss)
1007 http fetch GET 200 https://registry.npmjs.org/supports-preserve-symlinks-flag/-/supports-preserve-symlinks-flag-1.0.0.tgz 813ms (cache miss)
1008 http fetch GET 200 https://registry.npmjs.org/strip-indent/-/strip-indent-3.0.0.tgz 815ms (cache miss)
1009 http fetch GET 200 https://registry.npmjs.org/strip-bom/-/strip-bom-3.0.0.tgz 816ms (cache miss)
1010 http fetch GET 200 https://registry.npmjs.org/tsx/-/tsx-4.19.3.tgz 828ms (cache miss)
1011 http fetch GET 200 https://registry.npmjs.org/tough-cookie/-/tough-cookie-5.1.2.tgz 836ms (cache miss)
1012 http fetch GET 200 https://registry.npmjs.org/vite/-/vite-6.4.3.tgz 844ms (cache miss)
1013 http fetch GET 200 https://registry.npmjs.org/string.prototype.trim/-/string.prototype.trim-1.2.11.tgz 849ms (cache miss)
1014 http fetch GET 200 https://registry.npmjs.org/string.prototype.matchall/-/string.prototype.matchall-4.0.12.tgz 871ms (cache miss)
1015 http fetch GET 200 https://registry.npmjs.org/string.prototype.trimstart/-/string.prototype.trimstart-1.0.8.tgz 872ms (cache miss)
1016 http fetch GET 200 https://registry.npmjs.org/vitest/-/vitest-3.2.7.tgz 887ms (cache miss)
1017 http fetch GET 200 https://registry.npmjs.org/string.prototype.trimend/-/string.prototype.trimend-1.0.10.tgz 876ms (cache miss)
1018 http fetch GET 200 https://registry.npmjs.org/stop-iteration-iterator/-/stop-iteration-iterator-1.1.0.tgz 876ms (cache miss)
1019 http fetch GET 200 https://registry.npmjs.org/std-env/-/std-env-3.10.0.tgz 876ms (cache miss)
1020 http fetch GET 200 https://registry.npmjs.org/string.prototype.repeat/-/string.prototype.repeat-1.0.0.tgz 877ms (cache miss)
1021 http fetch GET 200 https://registry.npmjs.org/styled-jsx/-/styled-jsx-5.1.6.tgz 889ms (cache miss)
1022 http fetch GET 200 https://registry.npmjs.org/string.prototype.includes/-/string.prototype.includes-2.0.1.tgz 897ms (cache miss)
1023 http fetch GET 200 https://registry.npmjs.org/siginfo/-/siginfo-2.0.0.tgz 897ms (cache miss)
1024 http fetch GET 200 https://registry.npmjs.org/stackback/-/stackback-0.0.2.tgz 899ms (cache miss)
1025 http fetch GET 200 https://registry.npmjs.org/stable-hash/-/stable-hash-0.0.5.tgz 908ms (cache miss)
1026 http fetch GET 200 https://registry.npmjs.org/supports-color/-/supports-color-7.2.0.tgz 913ms (cache miss)
1027 http fetch GET 200 https://registry.npmjs.org/side-channel-list/-/side-channel-list-1.0.1.tgz 922ms (cache miss)
1028 http fetch GET 200 https://registry.npmjs.org/side-channel-weakmap/-/side-channel-weakmap-1.0.2.tgz 926ms (cache miss)
1029 http fetch GET 200 https://registry.npmjs.org/side-channel-map/-/side-channel-map-1.0.1.tgz 926ms (cache miss)
1030 http fetch GET 200 https://registry.npmjs.org/shebang-regex/-/shebang-regex-3.0.0.tgz 926ms (cache miss)
1031 http fetch GET 200 https://registry.npmjs.org/source-map-js/-/source-map-js-1.2.1.tgz 933ms (cache miss)
1032 http fetch GET 200 https://registry.npmjs.org/shebang-command/-/shebang-command-2.0.0.tgz 935ms (cache miss)
1033 http fetch GET 200 https://registry.npmjs.org/side-channel/-/side-channel-1.1.1.tgz 941ms (cache miss)
1034 http fetch GET 200 https://registry.npmjs.org/tslib/-/tslib-2.8.1.tgz 981ms (cache miss)
1035 http fetch GET 200 https://registry.npmjs.org/server-only/-/server-only-0.0.1.tgz 976ms (cache miss)
1036 http fetch GET 200 https://registry.npmjs.org/set-function-name/-/set-function-name-2.0.2.tgz 981ms (cache miss)
1037 http fetch GET 200 https://registry.npmjs.org/scheduler/-/scheduler-0.27.0.tgz 996ms (cache miss)
1038 http fetch GET 200 https://registry.npmjs.org/set-function-length/-/set-function-length-1.2.2.tgz 997ms (cache miss)
1039 http fetch GET 200 https://registry.npmjs.org/set-proto/-/set-proto-1.0.0.tgz 999ms (cache miss)
1040 http fetch GET 200 https://registry.npmjs.org/safer-buffer/-/safer-buffer-2.1.2.tgz 998ms (cache miss)
1041 http fetch GET 200 https://registry.npmjs.org/saxes/-/saxes-6.0.0.tgz 1007ms (cache miss)
1042 http fetch GET 200 https://registry.npmjs.org/semver/-/semver-7.8.5.tgz 1025ms (cache miss)
1043 http fetch GET 200 https://registry.npmjs.org/reusify/-/reusify-1.1.0.tgz 1073ms (cache miss)
1044 http fetch GET 200 https://registry.npmjs.org/run-parallel/-/run-parallel-1.2.0.tgz 1074ms (cache miss)
1045 http fetch GET 200 https://registry.npmjs.org/safe-regex-test/-/safe-regex-test-1.1.0.tgz 1080ms (cache miss)
1046 http fetch GET 200 https://registry.npmjs.org/safe-push-apply/-/safe-push-apply-1.0.0.tgz 1080ms (cache miss)
1047 http fetch GET 200 https://registry.npmjs.org/safe-array-concat/-/safe-array-concat-1.1.4.tgz 1081ms (cache miss)
1048 http fetch GET 200 https://registry.npmjs.org/resolve-pkg-maps/-/resolve-pkg-maps-1.0.0.tgz 1141ms (cache miss)
1049 http fetch GET 200 https://registry.npmjs.org/resolve-from/-/resolve-from-4.0.0.tgz 1141ms (cache miss)
1050 http fetch GET 200 https://registry.npmjs.org/redent/-/redent-3.0.0.tgz 1142ms (cache miss)
1051 http fetch GET 200 https://registry.npmjs.org/react-refresh/-/react-refresh-0.17.0.tgz 1147ms (cache miss)
1052 http fetch GET 200 https://registry.npmjs.org/regexp.prototype.flags/-/regexp.prototype.flags-1.5.4.tgz 1160ms (cache miss)
1053 http fetch GET 200 https://registry.npmjs.org/react-is/-/react-is-17.0.2.tgz 1204ms (cache miss)
1054 http fetch GET 200 https://registry.npmjs.org/reflect.getprototypeof/-/reflect.getprototypeof-1.0.10.tgz 1262ms (cache miss)
1055 http fetch GET 200 https://registry.npmjs.org/prelude-ls/-/prelude-ls-1.2.1.tgz 1276ms (cache miss)
1056 http fetch GET 200 https://registry.npmjs.org/prop-types/-/prop-types-15.8.1.tgz 1324ms (cache miss)
1057 http fetch GET 200 https://registry.npmjs.org/postgres-interval/-/postgres-interval-1.2.0.tgz 1336ms (cache miss)
1058 http fetch GET 200 https://registry.npmjs.org/rrweb-cssom/-/rrweb-cssom-0.8.0.tgz 1346ms (cache miss)
1059 http fetch GET 200 https://registry.npmjs.org/tldts/-/tldts-6.1.86.tgz 1379ms (cache miss)
1060 http fetch GET 200 https://registry.npmjs.org/postgres-date/-/postgres-date-1.0.7.tgz 1378ms (cache miss)
1061 http fetch GET 200 https://registry.npmjs.org/rollup/-/rollup-4.62.2.tgz 1384ms (cache miss)
1062 http fetch GET 200 https://registry.npmjs.org/postgres-bytea/-/postgres-bytea-1.0.1.tgz 1379ms (cache miss)
1063 http fetch GET 200 https://registry.npmjs.org/react/-/react-19.2.0.tgz 1387ms (cache miss)
1064 http fetch GET 200 https://registry.npmjs.org/postgres-array/-/postgres-array-2.0.0.tgz 1388ms (cache miss)
1065 http fetch GET 200 https://registry.npmjs.org/zod/-/zod-4.1.5.tgz 1454ms (cache miss)
1066 http fetch GET 200 https://registry.npmjs.org/pg-int8/-/pg-int8-1.0.1.tgz 1434ms (cache miss)
1067 http fetch GET 200 https://registry.npmjs.org/resolve/-/resolve-2.0.0-next.7.tgz 1470ms (cache miss)
1068 http fetch GET 200 https://registry.npmjs.org/postgres/-/postgres-3.4.7.tgz 1467ms (cache miss)
1069 http fetch GET 200 https://registry.npmjs.org/picocolors/-/picocolors-1.1.1.tgz 1473ms (cache miss)
1070 http fetch GET 200 https://registry.npmjs.org/possible-typed-array-names/-/possible-typed-array-names-1.1.0.tgz 1507ms (cache miss)
1071 http fetch GET 200 https://registry.npmjs.org/tinyglobby/-/tinyglobby-0.2.17.tgz 1554ms (cache miss)
1072 http fetch GET 200 https://registry.npmjs.org/path-key/-/path-key-3.1.1.tgz 1570ms (cache miss)
1073 http fetch GET 200 https://registry.npmjs.org/picomatch/-/picomatch-2.3.2.tgz 1613ms (cache miss)
1074 http fetch GET 200 https://registry.npmjs.org/pretty-format/-/pretty-format-27.5.1.tgz 1661ms (cache miss)
1075 http fetch GET 200 https://registry.npmjs.org/pg-protocol/-/pg-protocol-1.15.0.tgz 1670ms (cache miss)
1076 http fetch GET 200 https://registry.npmjs.org/path-exists/-/path-exists-4.0.0.tgz 1753ms (cache miss)
1077 http fetch GET 200 https://registry.npmjs.org/tldts-core/-/tldts-core-6.1.86.tgz 1800ms (cache miss)
1078 http fetch GET 200 https://registry.npmjs.org/pathval/-/pathval-2.0.1.tgz 1775ms (cache miss)
1079 http fetch GET 200 https://registry.npmjs.org/parent-module/-/parent-module-1.0.1.tgz 1776ms (cache miss)
1080 http fetch GET 200 https://registry.npmjs.org/p-limit/-/p-limit-3.1.0.tgz 1777ms (cache miss)
1081 http fetch GET 200 https://registry.npmjs.org/sharp/-/sharp-0.35.3.tgz 1791ms (cache miss)
1082 http fetch GET 200 https://registry.npmjs.org/pg-types/-/pg-types-2.2.0.tgz 1786ms (cache miss)
1083 http fetch GET 200 https://registry.npmjs.org/path-parse/-/path-parse-1.0.7.tgz 1805ms (cache miss)
1084 http fetch GET 200 https://registry.npmjs.org/p-locate/-/p-locate-5.0.0.tgz 1824ms (cache miss)
1085 http fetch GET 200 https://registry.npmjs.org/own-keys/-/own-keys-1.0.1.tgz 1829ms (cache miss)
1086 http fetch GET 200 https://registry.npmjs.org/object.groupby/-/object.groupby-1.0.3.tgz 1833ms (cache miss)
1087 http fetch GET 200 https://registry.npmjs.org/object.values/-/object.values-1.2.1.tgz 1843ms (cache miss)
1088 http fetch GET 200 https://registry.npmjs.org/react-dom/-/react-dom-19.2.0.tgz 1853ms (cache miss)
1089 http fetch GET 200 https://registry.npmjs.org/object.assign/-/object.assign-4.1.7.tgz 1852ms (cache miss)
1090 http fetch GET 200 https://registry.npmjs.org/optionator/-/optionator-0.9.4.tgz 1856ms (cache miss)
1091 http fetch GET 200 https://registry.npmjs.org/object-assign/-/object-assign-4.1.1.tgz 1875ms (cache miss)
1092 http fetch GET 200 https://registry.npmjs.org/pathe/-/pathe-2.0.3.tgz 1884ms (cache miss)
1093 http fetch GET 200 https://registry.npmjs.org/object-keys/-/object-keys-1.1.1.tgz 1903ms (cache miss)
1094 http fetch GET 200 https://registry.npmjs.org/node-releases/-/node-releases-2.0.51.tgz 1903ms (cache miss)
1095 http fetch GET 200 https://registry.npmjs.org/natural-compare/-/natural-compare-1.4.0.tgz 1902ms (cache miss)
1096 http fetch GET 200 https://registry.npmjs.org/parse5/-/parse5-7.3.0.tgz 1909ms (cache miss)
1097 http fetch GET 200 https://registry.npmjs.org/ms/-/ms-2.1.3.tgz 1915ms (cache miss)
1098 http fetch GET 200 https://registry.npmjs.org/minimatch/-/minimatch-3.1.5.tgz 1922ms (cache miss)
1099 http fetch GET 200 https://registry.npmjs.org/object-inspect/-/object-inspect-1.13.4.tgz 1928ms (cache miss)
1100 http fetch GET 200 https://registry.npmjs.org/nanoid/-/nanoid-3.3.16.tgz 1940ms (cache miss)
1101 http fetch GET 200 https://registry.npmjs.org/node-exports-info/-/node-exports-info-1.6.2.tgz 1943ms (cache miss)
1102 http fetch GET 200 https://registry.npmjs.org/nwsapi/-/nwsapi-2.2.24.tgz 1944ms (cache miss)
1103 http fetch GET 200 https://registry.npmjs.org/typescript/-/typescript-5.8.3.tgz 1985ms (cache miss)
1104 http fetch GET 200 https://registry.npmjs.org/napi-postinstall/-/napi-postinstall-0.3.4.tgz 1952ms (cache miss)
1105 http fetch GET 200 https://registry.npmjs.org/min-indent/-/min-indent-1.0.1.tgz 1957ms (cache miss)
1106 http fetch GET 200 https://registry.npmjs.org/object.entries/-/object.entries-1.1.9.tgz 1973ms (cache miss)
1107 http fetch GET 200 https://registry.npmjs.org/minimist/-/minimist-1.2.8.tgz 1982ms (cache miss)
1108 http fetch GET 200 https://registry.npmjs.org/locate-path/-/locate-path-6.0.0.tgz 2013ms (cache miss)
1109 http fetch GET 200 https://registry.npmjs.org/loose-envify/-/loose-envify-1.4.0.tgz 2030ms (cache miss)
1110 http fetch GET 200 https://registry.npmjs.org/lodash.merge/-/lodash.merge-4.6.2.tgz 2032ms (cache miss)
1111 http fetch GET 200 https://registry.npmjs.org/lru-cache/-/lru-cache-5.1.1.tgz 2032ms (cache miss)
1112 http fetch GET 200 https://registry.npmjs.org/queue-microtask/-/queue-microtask-1.2.3.tgz 2051ms (cache miss)
1113 http fetch GET 200 https://registry.npmjs.org/lz-string/-/lz-string-1.5.0.tgz 2059ms (cache miss)
1114 http fetch GET 200 https://registry.npmjs.org/micromatch/-/micromatch-4.0.8.tgz 2071ms (cache miss)
1115 http fetch GET 200 https://registry.npmjs.org/language-tags/-/language-tags-1.0.9.tgz 2072ms (cache miss)
1116 http fetch GET 200 https://registry.npmjs.org/math-intrinsics/-/math-intrinsics-1.1.0.tgz 2082ms (cache miss)
1117 http fetch GET 200 https://registry.npmjs.org/object.fromentries/-/object.fromentries-2.0.8.tgz 2090ms (cache miss)
1118 http fetch GET 200 https://registry.npmjs.org/keyv/-/keyv-4.5.4.tgz 2092ms (cache miss)
1119 http fetch GET 200 https://registry.npmjs.org/levn/-/levn-0.4.1.tgz 2097ms (cache miss)
1120 http fetch GET 200 https://registry.npmjs.org/magic-string/-/magic-string-0.30.21.tgz 2106ms (cache miss)
1121 http fetch GET 200 https://registry.npmjs.org/punycode/-/punycode-2.3.1.tgz 2128ms (cache miss)
1122 http fetch GET 200 https://registry.npmjs.org/json-stable-stringify-without-jsonify/-/json-stable-stringify-without-jsonify-1.0.1.tgz 2111ms (cache miss)
1123 http fetch GET 200 https://registry.npmjs.org/json-buffer/-/json-buffer-3.0.1.tgz 2149ms (cache miss)
1124 http fetch GET 200 https://registry.npmjs.org/json-schema-traverse/-/json-schema-traverse-0.4.1.tgz 2155ms (cache miss)
1125 http fetch GET 200 https://registry.npmjs.org/merge2/-/merge2-1.4.1.tgz 2167ms (cache miss)
1126 http fetch GET 200 https://registry.npmjs.org/js-tokens/-/js-tokens-4.0.0.tgz 2163ms (cache miss)
1127 http fetch GET 200 https://registry.npmjs.org/iterator.prototype/-/iterator.prototype-1.1.5.tgz 2164ms (cache miss)
1128 http fetch GET 200 https://registry.npmjs.org/jsesc/-/jsesc-3.1.0.tgz 2177ms (cache miss)
1129 http fetch GET 200 https://registry.npmjs.org/isarray/-/isarray-2.0.5.tgz 2180ms (cache miss)
1130 http fetch GET 200 https://registry.npmjs.org/isexe/-/isexe-2.0.0.tgz 2181ms (cache miss)
1131 http fetch GET 200 https://registry.npmjs.org/is-weakset/-/is-weakset-2.0.4.tgz 2188ms (cache miss)
1132 http fetch GET 200 https://registry.npmjs.org/is-string/-/is-string-1.1.1.tgz 2212ms (cache miss)
1133 http fetch GET 200 https://registry.npmjs.org/is-typed-array/-/is-typed-array-1.1.15.tgz 2214ms (cache miss)
1134 http fetch GET 200 https://registry.npmjs.org/is-weakref/-/is-weakref-1.1.1.tgz 2215ms (cache miss)
1135 http fetch GET 200 https://registry.npmjs.org/is-set/-/is-set-2.0.3.tgz 2232ms (cache miss)
1136 http fetch GET 200 https://registry.npmjs.org/is-shared-array-buffer/-/is-shared-array-buffer-1.0.4.tgz 2240ms (cache miss)
1137 http fetch GET 200 https://registry.npmjs.org/postcss/-/postcss-8.5.19.tgz 2267ms (cache miss)
1138 http fetch GET 200 https://registry.npmjs.org/is-regex/-/is-regex-1.2.1.tgz 2252ms (cache miss)
1139 http fetch GET 200 https://registry.npmjs.org/is-weakmap/-/is-weakmap-2.0.2.tgz 2285ms (cache miss)
1140 http fetch GET 200 https://registry.npmjs.org/is-negative-zero/-/is-negative-zero-2.0.3.tgz 2285ms (cache miss)
1141 http fetch GET 200 https://registry.npmjs.org/is-number-object/-/is-number-object-1.1.1.tgz 2287ms (cache miss)
1142 http fetch GET 200 https://registry.npmjs.org/is-potential-custom-element-name/-/is-potential-custom-element-name-1.0.1.tgz 2288ms (cache miss)
1143 http fetch GET 200 https://registry.npmjs.org/is-symbol/-/is-symbol-1.1.1.tgz 2289ms (cache miss)
1144 http fetch GET 200 https://registry.npmjs.org/is-number/-/is-number-7.0.0.tgz 2289ms (cache miss)
1145 http fetch GET 200 https://registry.npmjs.org/loupe/-/loupe-3.2.1.tgz 2303ms (cache miss)
1146 http fetch GET 200 https://registry.npmjs.org/json5/-/json5-2.2.3.tgz 2305ms (cache miss)
1147 http fetch GET 200 https://registry.npmjs.org/is-glob/-/is-glob-4.0.3.tgz 2312ms (cache miss)
1148 http fetch GET 200 https://registry.npmjs.org/is-finalizationregistry/-/is-finalizationregistry-1.1.1.tgz 2319ms (cache miss)
1149 http fetch GET 200 https://registry.npmjs.org/is-date-object/-/is-date-object-1.1.0.tgz 2337ms (cache miss)
1150 http fetch GET 200 https://registry.npmjs.org/is-boolean-object/-/is-boolean-object-1.2.2.tgz 2344ms (cache miss)
1151 http fetch GET 200 https://registry.npmjs.org/is-document.all/-/is-document.all-1.0.0.tgz 2347ms (cache miss)
1152 http fetch GET 200 https://registry.npmjs.org/is-core-module/-/is-core-module-2.16.2.tgz 2349ms (cache miss)
1153 http fetch GET 200 https://registry.npmjs.org/is-extglob/-/is-extglob-2.1.1.tgz 2352ms (cache miss)
1154 http fetch GET 200 https://registry.npmjs.org/is-map/-/is-map-2.0.3.tgz 2355ms (cache miss)
1155 http fetch GET 200 https://registry.npmjs.org/is-callable/-/is-callable-1.2.7.tgz 2356ms (cache miss)
1156 http fetch GET 200 https://registry.npmjs.org/is-bun-module/-/is-bun-module-2.0.0.tgz 2363ms (cache miss)
1157 http fetch GET 200 https://registry.npmjs.org/is-generator-function/-/is-generator-function-1.1.2.tgz 2370ms (cache miss)
1158 http fetch GET 200 https://registry.npmjs.org/is-async-function/-/is-async-function-2.1.1.tgz 2369ms (cache miss)
1159 http fetch GET 200 https://registry.npmjs.org/import-fresh/-/import-fresh-3.3.1.tgz 2400ms (cache miss)
1160 http fetch GET 200 https://registry.npmjs.org/is-data-view/-/is-data-view-1.0.2.tgz 2407ms (cache miss)
1161 http fetch GET 200 https://registry.npmjs.org/indent-string/-/indent-string-4.0.0.tgz 2406ms (cache miss)
1162 http fetch GET 200 https://registry.npmjs.org/is-array-buffer/-/is-array-buffer-3.0.5.tgz 2409ms (cache miss)
1163 http fetch GET 200 https://registry.npmjs.org/imurmurhash/-/imurmurhash-0.1.4.tgz 2410ms (cache miss)
1164 http fetch GET 200 https://registry.npmjs.org/is-bigint/-/is-bigint-1.1.0.tgz 2414ms (cache miss)
1165 http fetch GET 200 https://registry.npmjs.org/ipaddr.js/-/ipaddr.js-2.2.0.tgz 2419ms (cache miss)
1166 http fetch GET 200 https://registry.npmjs.org/hasown/-/hasown-2.0.4.tgz 2474ms (cache miss)
1167 http fetch GET 200 https://registry.npmjs.org/http-proxy-agent/-/http-proxy-agent-7.0.2.tgz 2478ms (cache miss)
1168 http fetch GET 200 https://registry.npmjs.org/html-encoding-sniffer/-/html-encoding-sniffer-4.0.0.tgz 2488ms (cache miss)
1169 http fetch GET 200 https://registry.npmjs.org/internal-slot/-/internal-slot-1.1.0.tgz 2501ms (cache miss)
1170 http fetch GET 200 https://registry.npmjs.org/has-symbols/-/has-symbols-1.1.0.tgz 2504ms (cache miss)
1171 http fetch GET 200 https://registry.npmjs.org/has-flag/-/has-flag-4.0.0.tgz 2504ms (cache miss)
1172 http fetch GET 200 https://registry.npmjs.org/ignore/-/ignore-5.3.2.tgz 2513ms (cache miss)
1173 http fetch GET 200 https://registry.npmjs.org/has-proto/-/has-proto-1.2.0.tgz 2515ms (cache miss)
1174 http fetch GET 200 https://registry.npmjs.org/js-yaml/-/js-yaml-4.3.0.tgz 2535ms (cache miss)
1175 http fetch GET 200 https://registry.npmjs.org/https-proxy-agent/-/https-proxy-agent-7.0.6.tgz 2531ms (cache miss)
1176 http fetch GET 200 https://registry.npmjs.org/has-bigints/-/has-bigints-1.1.0.tgz 2532ms (cache miss)
1177 http fetch GET 200 https://registry.npmjs.org/has-property-descriptors/-/has-property-descriptors-1.0.2.tgz 2535ms (cache miss)
1178 http fetch GET 200 https://registry.npmjs.org/glob-parent/-/glob-parent-6.0.2.tgz 2537ms (cache miss)
1179 http fetch GET 200 https://registry.npmjs.org/get-intrinsic/-/get-intrinsic-1.3.0.tgz 2545ms (cache miss)
1180 http fetch GET 200 https://registry.npmjs.org/get-proto/-/get-proto-1.0.1.tgz 2566ms (cache miss)
1181 http fetch GET 200 https://registry.npmjs.org/function.prototype.name/-/function.prototype.name-1.2.0.tgz 2565ms (cache miss)
1182 http fetch GET 200 https://registry.npmjs.org/globals/-/globals-14.0.0.tgz 2569ms (cache miss)
1183 http fetch GET 200 https://registry.npmjs.org/gensync/-/gensync-1.0.0-beta.2.tgz 2570ms (cache miss)
1184 http fetch GET 200 https://registry.npmjs.org/gopd/-/gopd-1.2.0.tgz 2576ms (cache miss)
1185 http fetch GET 200 https://registry.npmjs.org/functions-have-names/-/functions-have-names-1.2.3.tgz 2574ms (cache miss)
1186 http fetch GET 200 https://registry.npmjs.org/get-symbol-description/-/get-symbol-description-1.1.0.tgz 2577ms (cache miss)
1187 http fetch GET 200 https://registry.npmjs.org/flatted/-/flatted-3.4.2.tgz 2607ms (cache miss)
1188 http fetch GET 200 https://registry.npmjs.org/fill-range/-/fill-range-7.1.1.tgz 2625ms (cache miss)
1189 http fetch GET 200 https://registry.npmjs.org/find-up/-/find-up-5.0.0.tgz 2630ms (cache miss)
1190 http fetch GET 200 https://registry.npmjs.org/fast-levenshtein/-/fast-levenshtein-2.0.6.tgz 2645ms (cache miss)
1191 http fetch GET 200 https://registry.npmjs.org/has-tostringtag/-/has-tostringtag-1.0.2.tgz 2660ms (cache miss)
1192 http fetch GET 200 https://registry.npmjs.org/get-tsconfig/-/get-tsconfig-4.14.0.tgz 2658ms (cache miss)
1193 http fetch GET 200 https://registry.npmjs.org/file-entry-cache/-/file-entry-cache-8.0.0.tgz 2656ms (cache miss)
1194 http fetch GET 200 https://registry.npmjs.org/fast-deep-equal/-/fast-deep-equal-3.1.3.tgz 2670ms (cache miss)
1195 http fetch GET 200 https://registry.npmjs.org/globalthis/-/globalthis-1.0.4.tgz 2678ms (cache miss)
1196 http fetch GET 200 https://registry.npmjs.org/language-subtag-registry/-/language-subtag-registry-0.3.23.tgz 2704ms (cache miss)
1197 http fetch GET 200 https://registry.npmjs.org/esrecurse/-/esrecurse-4.3.0.tgz 2694ms (cache miss)
1198 http fetch GET 200 https://registry.npmjs.org/fast-json-stable-stringify/-/fast-json-stable-stringify-2.1.0.tgz 2699ms (cache miss)
1199 http fetch GET 200 https://registry.npmjs.org/estree-walker/-/estree-walker-3.0.3.tgz 2707ms (cache miss)
1200 http fetch GET 200 https://registry.npmjs.org/estraverse/-/estraverse-5.3.0.tgz 2710ms (cache miss)
1201 http fetch GET 200 https://registry.npmjs.org/generator-function/-/generator-function-2.0.1.tgz 2719ms (cache miss)
1202 http fetch GET 200 https://registry.npmjs.org/hermes-estree/-/hermes-estree-0.25.1.tgz 2730ms (cache miss)
1203 http fetch GET 200 https://registry.npmjs.org/flat-cache/-/flat-cache-4.0.1.tgz 2731ms (cache miss)
1204 http fetch GET 200 https://registry.npmjs.org/for-each/-/for-each-0.3.5.tgz 2752ms (cache miss)
1205 http fetch GET 200 https://registry.npmjs.org/function-bind/-/function-bind-1.1.2.tgz 2755ms (cache miss)
1206 http fetch GET 200 https://registry.npmjs.org/escape-string-regexp/-/escape-string-regexp-4.0.0.tgz 2770ms (cache miss)
1207 http fetch GET 200 https://registry.npmjs.org/eslint-import-resolver-node/-/eslint-import-resolver-node-0.3.10.tgz 2772ms (cache miss)
1208 http fetch GET 200 https://registry.npmjs.org/eslint-import-resolver-typescript/-/eslint-import-resolver-typescript-3.10.1.tgz 2777ms (cache miss)
1209 http fetch GET 200 https://registry.npmjs.org/eslint-config-next/-/eslint-config-next-16.2.11.tgz 2779ms (cache miss)
1210 http fetch GET 200 https://registry.npmjs.org/esutils/-/esutils-2.0.3.tgz 2786ms (cache miss)
1211 http fetch GET 200 https://registry.npmjs.org/fastq/-/fastq-1.20.1.tgz 2794ms (cache miss)
1212 http fetch GET 200 https://registry.npmjs.org/escalade/-/escalade-3.2.0.tgz 2801ms (cache miss)
1213 http fetch GET 200 https://registry.npmjs.org/es-to-primitive/-/es-to-primitive-1.3.4.tgz 2809ms (cache miss)
1214 http fetch GET 200 https://registry.npmjs.org/eslint-visitor-keys/-/eslint-visitor-keys-4.2.1.tgz 2816ms (cache miss)
1215 http fetch GET 200 https://registry.npmjs.org/espree/-/espree-10.4.0.tgz 2822ms (cache miss)
1216 http fetch GET 200 https://registry.npmjs.org/es-errors/-/es-errors-1.3.0.tgz 2823ms (cache miss)
1217 http fetch GET 200 https://registry.npmjs.org/es-object-atoms/-/es-object-atoms-1.1.2.tgz 2832ms (cache miss)
1218 http fetch GET 200 https://registry.npmjs.org/es-set-tostringtag/-/es-set-tostringtag-2.1.0.tgz 2844ms (cache miss)
1219 http fetch GET 200 https://registry.npmjs.org/expect-type/-/expect-type-1.4.0.tgz 2864ms (cache miss)
1220 http fetch GET 200 https://registry.npmjs.org/es-define-property/-/es-define-property-1.0.1.tgz 2859ms (cache miss)
1221 http fetch GET 200 https://registry.npmjs.org/es-shim-unscopables/-/es-shim-unscopables-1.1.0.tgz 2864ms (cache miss)
1222 http fetch GET 200 https://registry.npmjs.org/esbuild/-/esbuild-0.25.12.tgz 2870ms (cache miss)
1223 http fetch GET 200 https://registry.npmjs.org/eslint-scope/-/eslint-scope-8.4.0.tgz 2878ms (cache miss)
1224 http fetch GET 200 https://registry.npmjs.org/es-abstract-get/-/es-abstract-get-1.0.0.tgz 2913ms (cache miss)
1225 http fetch GET 200 https://registry.npmjs.org/dunder-proto/-/dunder-proto-1.0.1.tgz 2917ms (cache miss)
1226 http fetch GET 200 https://registry.npmjs.org/emoji-regex/-/emoji-regex-9.2.2.tgz 2919ms (cache miss)
1227 http fetch GET 200 https://registry.npmjs.org/detect-libc/-/detect-libc-2.1.2.tgz 2920ms (cache miss)
1228 http fetch GET 200 https://registry.npmjs.org/es-module-lexer/-/es-module-lexer-1.7.0.tgz 2976ms (cache miss)
1229 http fetch GET 200 https://registry.npmjs.org/dequal/-/dequal-2.0.3.tgz 2976ms (cache miss)
1230 http fetch GET 200 https://registry.npmjs.org/iconv-lite/-/iconv-lite-0.6.3.tgz 3006ms (cache miss)
1231 http fetch GET 200 https://registry.npmjs.org/deep-eql/-/deep-eql-5.0.2.tgz 2988ms (cache miss)
1232 http fetch GET 200 https://registry.npmjs.org/define-data-property/-/define-data-property-1.1.4.tgz 2997ms (cache miss)
1233 http fetch GET 200 https://registry.npmjs.org/deep-is/-/deep-is-0.1.4.tgz 2996ms (cache miss)
1234 http fetch GET 200 https://registry.npmjs.org/data-view-byte-length/-/data-view-byte-length-1.0.2.tgz 3016ms (cache miss)
1235 http fetch GET 200 https://registry.npmjs.org/eslint-module-utils/-/eslint-module-utils-2.14.0.tgz 3036ms (cache miss)
1236 http fetch GET 200 https://registry.npmjs.org/data-view-byte-offset/-/data-view-byte-offset-1.0.1.tgz 3033ms (cache miss)
1237 http fetch GET 200 https://registry.npmjs.org/data-urls/-/data-urls-5.0.0.tgz 3034ms (cache miss)
1238 http fetch GET 200 https://registry.npmjs.org/data-view-buffer/-/data-view-buffer-1.0.2.tgz 3035ms (cache miss)
1239 http fetch GET 200 https://registry.npmjs.org/define-properties/-/define-properties-1.2.1.tgz 3047ms (cache miss)
1240 http fetch GET 200 https://registry.npmjs.org/electron-to-chromium/-/electron-to-chromium-1.5.393.tgz 3056ms (cache miss)
1241 http fetch GET 200 https://registry.npmjs.org/esquery/-/esquery-1.7.0.tgz 3105ms (cache miss)
1242 http fetch GET 200 https://registry.npmjs.org/damerau-levenshtein/-/damerau-levenshtein-1.0.8.tgz 3115ms (cache miss)
1243 http fetch GET 200 https://registry.npmjs.org/cross-spawn/-/cross-spawn-7.0.6.tgz 3126ms (cache miss)
1244 http fetch GET 200 https://registry.npmjs.org/css.escape/-/css.escape-1.5.1.tgz 3127ms (cache miss)
1245 http fetch GET 200 https://registry.npmjs.org/color-name/-/color-name-1.1.4.tgz 3128ms (cache miss)
1246 http fetch GET 200 https://registry.npmjs.org/doctrine/-/doctrine-2.1.0.tgz 3136ms (cache miss)
1247 http fetch GET 200 https://registry.npmjs.org/concat-map/-/concat-map-0.0.1.tgz 3131ms (cache miss)
1248 http fetch GET 200 https://registry.npmjs.org/debug/-/debug-4.4.3.tgz 3140ms (cache miss)
1249 http fetch GET 200 https://registry.npmjs.org/convert-source-map/-/convert-source-map-2.0.0.tgz 3139ms (cache miss)
1250 http fetch GET 200 https://registry.npmjs.org/color-convert/-/color-convert-2.0.1.tgz 3140ms (cache miss)
1251 http fetch GET 200 https://registry.npmjs.org/client-only/-/client-only-0.0.1.tgz 3145ms (cache miss)
1252 http fetch GET 200 https://registry.npmjs.org/check-error/-/check-error-2.1.3.tgz 3146ms (cache miss)
1253 http fetch GET 200 https://registry.npmjs.org/callsites/-/callsites-3.1.0.tgz 3146ms (cache miss)
1254 http fetch GET 200 https://registry.npmjs.org/call-bound/-/call-bound-1.0.4.tgz 3146ms (cache miss)
1255 http fetch GET 200 https://registry.npmjs.org/call-bind-apply-helpers/-/call-bind-apply-helpers-1.0.2.tgz 3148ms (cache miss)
1256 http fetch GET 200 https://registry.npmjs.org/chalk/-/chalk-3.0.0.tgz 3167ms (cache miss)
1257 http fetch GET 200 https://registry.npmjs.org/decimal.js/-/decimal.js-10.6.0.tgz 3185ms (cache miss)
1258 http fetch GET 200 https://registry.npmjs.org/available-typed-arrays/-/available-typed-arrays-1.0.7.tgz 3178ms (cache miss)
1259 http fetch GET 200 https://registry.npmjs.org/csstype/-/csstype-3.2.3.tgz 3224ms (cache miss)
1260 http fetch GET 200 https://registry.npmjs.org/ast-types-flow/-/ast-types-flow-0.0.8.tgz 3267ms (cache miss)
1261 http fetch GET 200 https://registry.npmjs.org/call-bind/-/call-bind-1.0.9.tgz 3274ms (cache miss)
1262 http fetch GET 200 https://registry.npmjs.org/browserslist/-/browserslist-4.28.6.tgz 3290ms (cache miss)
1263 http fetch GET 200 https://registry.npmjs.org/braces/-/braces-3.0.3.tgz 3298ms (cache miss)
1264 http fetch GET 200 https://registry.npmjs.org/hermes-parser/-/hermes-parser-0.25.1.tgz 3333ms (cache miss)
1265 http fetch GET 200 https://registry.npmjs.org/jsx-ast-utils/-/jsx-ast-utils-3.3.5.tgz 3389ms (cache miss)
1266 http fetch GET 200 https://registry.npmjs.org/brace-expansion/-/brace-expansion-1.1.16.tgz 3367ms (cache miss)
1267 http fetch GET 200 https://registry.npmjs.org/async-function/-/async-function-1.0.0.tgz 3375ms (cache miss)
1268 http fetch GET 200 https://registry.npmjs.org/assertion-error/-/assertion-error-2.0.1.tgz 3378ms (cache miss)
1269 http fetch GET 200 https://registry.npmjs.org/array.prototype.flatmap/-/array.prototype.flatmap-1.3.3.tgz 3380ms (cache miss)
1270 http fetch GET 200 https://registry.npmjs.org/array.prototype.tosorted/-/array.prototype.tosorted-1.1.4.tgz 3385ms (cache miss)
1271 http fetch GET 200 https://registry.npmjs.org/array.prototype.flat/-/array.prototype.flat-1.3.3.tgz 3383ms (cache miss)
1272 http fetch GET 200 https://registry.npmjs.org/baseline-browser-mapping/-/baseline-browser-mapping-2.10.43.tgz 3392ms (cache miss)
1273 http fetch GET 200 https://registry.npmjs.org/array-buffer-byte-length/-/array-buffer-byte-length-1.0.2.tgz 3426ms (cache miss)
1274 http fetch GET 200 https://registry.npmjs.org/array.prototype.findlastindex/-/array.prototype.findlastindex-1.2.6.tgz 3442ms (cache miss)
1275 http fetch GET 200 https://registry.npmjs.org/array.prototype.findlast/-/array.prototype.findlast-1.2.5.tgz 3447ms (cache miss)
1276 http fetch GET 200 https://registry.npmjs.org/balanced-match/-/balanced-match-1.0.2.tgz 3455ms (cache miss)
1277 http fetch GET 200 https://registry.npmjs.org/ansi-styles/-/ansi-styles-4.3.0.tgz 3453ms (cache miss)
1278 http fetch GET 200 https://registry.npmjs.org/arraybuffer.prototype.slice/-/arraybuffer.prototype.slice-1.0.4.tgz 3476ms (cache miss)
1279 http fetch GET 200 https://registry.npmjs.org/fast-glob/-/fast-glob-3.3.1.tgz 3538ms (cache miss)
1280 http fetch GET 200 https://registry.npmjs.org/cac/-/cac-6.7.14.tgz 3518ms (cache miss)
1281 http fetch GET 200 https://registry.npmjs.org/argparse/-/argparse-2.0.1.tgz 3515ms (cache miss)
1282 http fetch GET 200 https://registry.npmjs.org/acorn-jsx/-/acorn-jsx-5.3.2.tgz 3531ms (cache miss)
1283 http fetch GET 200 https://registry.npmjs.org/ansi-regex/-/ansi-regex-5.0.1.tgz 3537ms (cache miss)
1284 http fetch GET 200 https://registry.npmjs.org/@vitest/spy/-/spy-3.2.7.tgz 3541ms (cache miss)
1285 http fetch GET 200 https://registry.npmjs.org/array-includes/-/array-includes-3.1.9.tgz 3587ms (cache miss)
1286 http fetch GET 200 https://registry.npmjs.org/@vitest/pretty-format/-/pretty-format-3.2.7.tgz 3594ms (cache miss)
1287 http fetch GET 200 https://registry.npmjs.org/agent-base/-/agent-base-7.1.4.tgz 3620ms (cache miss)
1288 http fetch GET 200 https://registry.npmjs.org/@vitest/runner/-/runner-3.2.7.tgz 3628ms (cache miss)
1289 http fetch GET 200 https://registry.npmjs.org/dom-accessibility-api/-/dom-accessibility-api-0.5.16.tgz 3673ms (cache miss)
1290 http fetch GET 200 https://registry.npmjs.org/@vitest/expect/-/expect-3.2.7.tgz 3654ms (cache miss)
1291 http fetch GET 200 https://registry.npmjs.org/@vitest/snapshot/-/snapshot-3.2.7.tgz 3664ms (cache miss)
1292 http fetch GET 200 https://registry.npmjs.org/@vitest/utils/-/utils-3.2.7.tgz 3677ms (cache miss)
1293 http fetch GET 200 https://registry.npmjs.org/@vitest/mocker/-/mocker-3.2.7.tgz 3708ms (cache miss)
1294 http fetch GET 200 https://registry.npmjs.org/chai/-/chai-5.3.3.tgz 3734ms (cache miss)
1295 http fetch GET 200 https://registry.npmjs.org/@typescript-eslint/visitor-keys/-/visitor-keys-8.64.0.tgz 3757ms (cache miss)
1296 http fetch GET 200 https://registry.npmjs.org/acorn/-/acorn-8.17.0.tgz 3792ms (cache miss)
1297 http fetch GET 200 https://registry.npmjs.org/@vitejs/plugin-react/-/plugin-react-4.4.1.tgz 3799ms (cache miss)
1298 http fetch GET 200 https://registry.npmjs.org/@typescript-eslint/types/-/types-8.64.0.tgz 3842ms (cache miss)
1299 http fetch GET 200 https://registry.npmjs.org/@typescript-eslint/project-service/-/project-service-8.64.0.tgz 3841ms (cache miss)
1300 http fetch GET 200 https://registry.npmjs.org/@types/pg/-/pg-8.20.0.tgz 3844ms (cache miss)
1301 http fetch GET 200 https://registry.npmjs.org/@types/json5/-/json5-0.0.29.tgz 3901ms (cache miss)
1302 http fetch GET 200 https://registry.npmjs.org/@typescript-eslint/tsconfig-utils/-/tsconfig-utils-8.64.0.tgz 3906ms (cache miss)
1303 http fetch GET 200 https://registry.npmjs.org/@types/react-dom/-/react-dom-19.1.2.tgz 3912ms (cache miss)
1304 http fetch GET 200 https://registry.npmjs.org/@types/estree/-/estree-1.0.9.tgz 3912ms (cache miss)
1305 http fetch GET 200 https://registry.npmjs.org/cssstyle/-/cssstyle-4.6.0.tgz 3996ms (cache miss)
1306 http fetch GET 200 https://registry.npmjs.org/@typescript-eslint/parser/-/parser-8.64.0.tgz 3979ms (cache miss)
1307 http fetch GET 200 https://registry.npmjs.org/@types/deep-eql/-/deep-eql-4.0.2.tgz 3986ms (cache miss)
1308 http fetch GET 200 https://registry.npmjs.org/@types/json-schema/-/json-schema-7.0.15.tgz 3988ms (cache miss)
1309 http fetch GET 200 https://registry.npmjs.org/entities/-/entities-6.0.1.tgz 4013ms (cache miss)
1310 http fetch GET 200 https://registry.npmjs.org/@types/babel__core/-/babel__core-7.20.5.tgz 4051ms (cache miss)
1311 http fetch GET 200 https://registry.npmjs.org/@types/babel__template/-/babel__template-7.4.4.tgz 4057ms (cache miss)
1312 http fetch GET 200 https://registry.npmjs.org/@types/aria-query/-/aria-query-5.0.4.tgz 4063ms (cache miss)
1313 http fetch GET 200 https://registry.npmjs.org/@types/chai/-/chai-5.2.3.tgz 4065ms (cache miss)
1314 http fetch GET 200 https://registry.npmjs.org/@types/babel__traverse/-/babel__traverse-7.28.0.tgz 4068ms (cache miss)
1315 http fetch GET 200 https://registry.npmjs.org/@unrs/resolver-binding-win32-x64-msvc/-/resolver-binding-win32-x64-msvc-1.12.2.tgz 4099ms (cache miss)
1316 http fetch GET 200 https://registry.npmjs.org/@typescript-eslint/type-utils/-/type-utils-8.64.0.tgz 4151ms (cache miss)
1317 http fetch GET 200 https://registry.npmjs.org/fake-indexeddb/-/fake-indexeddb-6.2.5.tgz 4202ms (cache miss)
1318 http fetch GET 200 https://registry.npmjs.org/es-iterator-helpers/-/es-iterator-helpers-1.4.0.tgz 4194ms (cache miss)
1319 http fetch GET 200 https://registry.npmjs.org/@types/babel__generator/-/babel__generator-7.27.0.tgz 4189ms (cache miss)
1320 http fetch GET 200 https://registry.npmjs.org/@nolyfill/is-core-module/-/is-core-module-1.0.39.tgz 4262ms (cache miss)
1321 http fetch GET 200 https://registry.npmjs.org/@rtsao/scc/-/scc-1.1.0.tgz 4289ms (cache miss)
1322 http fetch GET 200 https://registry.npmjs.org/eslint-plugin-import/-/eslint-plugin-import-2.32.0.tgz 4336ms (cache miss)
1323 http fetch GET 200 https://registry.npmjs.org/@typescript-eslint/utils/-/utils-8.64.0.tgz 4337ms (cache miss)
1324 http fetch GET 200 https://registry.npmjs.org/@testing-library/react/-/react-16.3.0.tgz 4384ms (cache miss)
1325 http fetch GET 200 https://registry.npmjs.org/@nodelib/fs.stat/-/fs.stat-2.0.5.tgz 4387ms (cache miss)
1326 http fetch GET 200 https://registry.npmjs.org/@nodelib/fs.walk/-/fs.walk-1.2.8.tgz 4428ms (cache miss)
1327 http fetch GET 200 https://registry.npmjs.org/@next/env/-/env-16.2.11.tgz 4429ms (cache miss)
1328 http fetch GET 200 https://registry.npmjs.org/@typescript-eslint/typescript-estree/-/typescript-estree-8.64.0.tgz 4441ms (cache miss)
1329 http fetch GET 200 https://registry.npmjs.org/@nodelib/fs.scandir/-/fs.scandir-2.1.5.tgz 4487ms (cache miss)
1330 http fetch GET 200 https://registry.npmjs.org/axobject-query/-/axobject-query-4.1.0.tgz 4621ms (cache miss)
1331 http fetch GET 200 https://registry.npmjs.org/axe-core/-/axe-core-4.12.1.tgz 4679ms (cache miss)
1332 http fetch GET 200 https://registry.npmjs.org/@jridgewell/resolve-uri/-/resolve-uri-3.1.2.tgz 4688ms (cache miss)
1333 http fetch GET 200 https://registry.npmjs.org/@types/react/-/react-19.1.2.tgz 4732ms (cache miss)
1334 http fetch GET 200 https://registry.npmjs.org/@next/eslint-plugin-next/-/eslint-plugin-next-16.2.11.tgz 4727ms (cache miss)
1335 http fetch GET 200 https://registry.npmjs.org/@jridgewell/remapping/-/remapping-2.3.5.tgz 4761ms (cache miss)
1336 http fetch GET 200 https://registry.npmjs.org/@humanwhocodes/module-importer/-/module-importer-1.0.1.tgz 4832ms (cache miss)
1337 http fetch GET 200 https://registry.npmjs.org/ajv/-/ajv-6.15.0.tgz 4868ms (cache miss)
1338 http fetch GET 200 https://registry.npmjs.org/@humanfs/types/-/types-0.15.0.tgz 4851ms (cache miss)
1339 http fetch GET 200 https://registry.npmjs.org/@jridgewell/sourcemap-codec/-/sourcemap-codec-1.5.5.tgz 4852ms (cache miss)
1340 http fetch GET 200 https://registry.npmjs.org/@humanwhocodes/retry/-/retry-0.4.3.tgz 4852ms (cache miss)
1341 http fetch GET 200 https://registry.npmjs.org/eslint-plugin-react-hooks/-/eslint-plugin-react-hooks-7.1.1.tgz 4902ms (cache miss)
1342 http fetch GET 200 https://registry.npmjs.org/@rollup/rollup-win32-x64-msvc/-/rollup-win32-x64-msvc-4.62.2.tgz 4875ms (cache miss)
1343 http fetch GET 200 https://registry.npmjs.org/@types/node/-/node-22.15.3.tgz 4884ms (cache miss)
1344 http fetch GET 200 https://registry.npmjs.org/@eslint/js/-/js-9.39.5.tgz 4906ms (cache miss)
1345 http fetch GET 200 https://registry.npmjs.org/@humanfs/node/-/node-0.16.8.tgz 4910ms (cache miss)
1346 http fetch GET 200 https://registry.npmjs.org/@img/colour/-/colour-1.1.0.tgz 4919ms (cache miss)
1347 http fetch GET 200 https://registry.npmjs.org/@testing-library/dom/-/dom-10.4.1.tgz 4938ms (cache miss)
1348 http fetch GET 200 https://registry.npmjs.org/@testing-library/jest-dom/-/jest-dom-6.6.3.tgz 4949ms (cache miss)
1349 http fetch GET 200 https://registry.npmjs.org/@eslint/plugin-kit/-/plugin-kit-0.4.1.tgz 4956ms (cache miss)
1350 http fetch GET 200 https://registry.npmjs.org/@jridgewell/trace-mapping/-/trace-mapping-0.3.31.tgz 4965ms (cache miss)
1351 http fetch GET 200 https://registry.npmjs.org/@jridgewell/gen-mapping/-/gen-mapping-0.3.13.tgz 5024ms (cache miss)
1352 http fetch GET 200 https://registry.npmjs.org/@humanfs/core/-/core-0.19.2.tgz 5037ms (cache miss)
1353 http fetch GET 200 https://registry.npmjs.org/@neondatabase/serverless/-/serverless-1.0.2.tgz 5048ms (cache miss)
1354 http fetch GET 200 https://registry.npmjs.org/eslint-plugin-jsx-a11y/-/eslint-plugin-jsx-a11y-6.10.2.tgz 5122ms (cache miss)
1355 http fetch GET 200 https://registry.npmjs.org/@eslint/core/-/core-0.17.0.tgz 5108ms (cache miss)
1356 http fetch GET 200 https://registry.npmjs.org/@rollup/rollup-win32-x64-gnu/-/rollup-win32-x64-gnu-4.62.2.tgz 5123ms (cache miss)
1357 http fetch GET 200 https://registry.npmjs.org/aria-query/-/aria-query-5.3.0.tgz 5166ms (cache miss)
1358 http fetch GET 200 https://registry.npmjs.org/@eslint-community/regexpp/-/regexpp-4.12.2.tgz 5155ms (cache miss)
1359 http fetch GET 200 https://registry.npmjs.org/@eslint-community/eslint-utils/-/eslint-utils-4.9.1.tgz 5169ms (cache miss)
1360 http fetch GET 200 https://registry.npmjs.org/@csstools/css-parser-algorithms/-/css-parser-algorithms-3.0.5.tgz 5213ms (cache miss)
1361 http fetch GET 200 https://registry.npmjs.org/@eslint/config-array/-/config-array-0.21.2.tgz 5217ms (cache miss)
1362 http fetch GET 200 https://registry.npmjs.org/@csstools/css-color-parser/-/css-color-parser-3.1.0.tgz 5229ms (cache miss)
1363 http fetch GET 200 https://registry.npmjs.org/@eslint/object-schema/-/object-schema-2.1.7.tgz 5272ms (cache miss)
1364 http fetch GET 200 https://registry.npmjs.org/@eslint/eslintrc/-/eslintrc-3.3.6.tgz 5298ms (cache miss)
1365 http fetch GET 200 https://registry.npmjs.org/@csstools/color-helpers/-/color-helpers-5.1.0.tgz 5315ms (cache miss)
1366 http fetch GET 200 https://registry.npmjs.org/@eslint/config-helpers/-/config-helpers-0.4.2.tgz 5501ms (cache miss)
1367 http fetch GET 200 https://registry.npmjs.org/@babel/helper-validator-option/-/helper-validator-option-7.29.7.tgz 5519ms (cache miss)
1368 http fetch GET 200 https://registry.npmjs.org/@babel/plugin-transform-react-jsx-self/-/plugin-transform-react-jsx-self-7.29.7.tgz 5564ms (cache miss)
1369 http fetch GET 200 https://registry.npmjs.org/@csstools/css-tokenizer/-/css-tokenizer-3.0.4.tgz 5625ms (cache miss)
1370 http fetch GET 200 https://registry.npmjs.org/@babel/helper-validator-identifier/-/helper-validator-identifier-7.29.7.tgz 5661ms (cache miss)
1371 http fetch GET 200 https://registry.npmjs.org/@babel/helper-string-parser/-/helper-string-parser-7.29.7.tgz 5689ms (cache miss)
1372 http fetch GET 200 https://registry.npmjs.org/@babel/template/-/template-7.29.7.tgz 5702ms (cache miss)
1373 http fetch GET 200 https://registry.npmjs.org/@babel/plugin-transform-react-jsx-source/-/plugin-transform-react-jsx-source-7.29.7.tgz 5772ms (cache miss)
1374 http fetch GET 200 https://registry.npmjs.org/@babel/helper-module-imports/-/helper-module-imports-7.29.7.tgz 5814ms (cache miss)
1375 http fetch GET 200 https://registry.npmjs.org/@babel/parser/-/parser-7.29.7.tgz 5822ms (cache miss)
1376 http fetch GET 200 https://registry.npmjs.org/@babel/helper-module-transforms/-/helper-module-transforms-7.29.7.tgz 5832ms (cache miss)
1377 http fetch GET 200 https://registry.npmjs.org/@babel/helper-compilation-targets/-/helper-compilation-targets-7.29.7.tgz 5864ms (cache miss)
1378 http fetch GET 200 https://registry.npmjs.org/eslint-plugin-react/-/eslint-plugin-react-7.37.5.tgz 5979ms (cache miss)
1379 http fetch GET 200 https://registry.npmjs.org/@typescript-eslint/scope-manager/-/scope-manager-8.64.0.tgz 6054ms (cache miss)
1380 http fetch GET 200 https://registry.npmjs.org/@babel/traverse/-/traverse-7.29.7.tgz 6075ms (cache miss)
1381 http fetch GET 200 https://registry.npmjs.org/@babel/generator/-/generator-7.29.7.tgz 6081ms (cache miss)
1382 http fetch GET 200 https://registry.npmjs.org/@babel/helper-globals/-/helper-globals-7.29.7.tgz 6099ms (cache miss)
1383 http fetch GET 200 https://registry.npmjs.org/@babel/helper-plugin-utils/-/helper-plugin-utils-7.29.7.tgz 6126ms (cache miss)
1384 http fetch GET 200 https://registry.npmjs.org/@csstools/css-calc/-/css-calc-2.1.4.tgz 6155ms (cache miss)
1385 http fetch GET 200 https://registry.npmjs.org/@babel/compat-data/-/compat-data-7.29.7.tgz 6157ms (cache miss)
1386 http fetch GET 200 https://registry.npmjs.org/eslint/-/eslint-9.39.5.tgz 6258ms (cache miss)
1387 http fetch GET 200 https://registry.npmjs.org/@babel/code-frame/-/code-frame-7.29.7.tgz 6213ms (cache miss)
1388 http fetch GET 200 https://registry.npmjs.org/@adobe/css-tools/-/css-tools-4.5.0.tgz 6218ms (cache miss)
1389 http fetch GET 200 https://registry.npmjs.org/fdir/-/fdir-6.5.0.tgz 6218ms (cache miss)
1390 http fetch GET 200 https://registry.npmjs.org/@swc/helpers/-/helpers-0.5.15.tgz 6244ms (cache miss)
1391 http fetch GET 200 https://registry.npmjs.org/picomatch/-/picomatch-4.0.5.tgz 6234ms (cache miss)
1392 http fetch GET 200 https://registry.npmjs.org/picomatch/-/picomatch-4.0.5.tgz 6241ms (cache miss)
1393 http fetch GET 200 https://registry.npmjs.org/picomatch/-/picomatch-4.0.5.tgz 6248ms (cache miss)
1394 http fetch GET 200 https://registry.npmjs.org/ansi-styles/-/ansi-styles-5.2.0.tgz 6302ms (cache miss)
1395 http fetch GET 200 https://registry.npmjs.org/fdir/-/fdir-6.5.0.tgz 6304ms (cache miss)
1396 http fetch GET 200 https://registry.npmjs.org/js-tokens/-/js-tokens-9.0.1.tgz 6306ms (cache miss)
1397 http fetch GET 200 https://registry.npmjs.org/react-is/-/react-is-16.13.1.tgz 6323ms (cache miss)
1398 http fetch GET 200 https://registry.npmjs.org/semver/-/semver-6.3.1.tgz 6337ms (cache miss)
1399 http fetch GET 200 https://registry.npmjs.org/json5/-/json5-1.0.2.tgz 6340ms (cache miss)
1400 http fetch GET 200 https://registry.npmjs.org/@babel/types/-/types-7.29.7.tgz 6353ms (cache miss)
1401 http fetch GET 200 https://registry.npmjs.org/glob-parent/-/glob-parent-5.1.2.tgz 6402ms (cache miss)
1402 http fetch GET 200 https://registry.npmjs.org/debug/-/debug-3.2.7.tgz 6435ms (cache miss)
1403 http fetch GET 200 https://registry.npmjs.org/semver/-/semver-6.3.1.tgz 6445ms (cache miss)
1404 http fetch GET 200 https://registry.npmjs.org/semver/-/semver-6.3.1.tgz 6451ms (cache miss)
1405 http fetch GET 200 https://registry.npmjs.org/debug/-/debug-3.2.7.tgz 6453ms (cache miss)
1406 http fetch GET 200 https://registry.npmjs.org/globals/-/globals-16.4.0.tgz 6471ms (cache miss)
1407 http fetch GET 200 https://registry.npmjs.org/@babel/runtime/-/runtime-7.29.7.tgz 6501ms (cache miss)
1408 http fetch GET 200 https://registry.npmjs.org/eslint-visitor-keys/-/eslint-visitor-keys-5.0.1.tgz 6495ms (cache miss)
1409 http fetch GET 200 https://registry.npmjs.org/chalk/-/chalk-4.1.2.tgz 6562ms (cache miss)
1410 http fetch GET 200 https://registry.npmjs.org/ignore/-/ignore-7.0.6.tgz 6593ms (cache miss)
1411 http fetch GET 200 https://registry.npmjs.org/semver/-/semver-6.3.1.tgz 6670ms (cache miss)
1412 http fetch GET 200 https://registry.npmjs.org/eslint-visitor-keys/-/eslint-visitor-keys-3.4.3.tgz 6714ms (cache miss)
1413 http fetch GET 200 https://registry.npmjs.org/balanced-match/-/balanced-match-4.0.4.tgz 6721ms (cache miss)
1414 http fetch GET 200 https://registry.npmjs.org/semver/-/semver-6.3.1.tgz 6753ms (cache miss)
1415 http fetch GET 200 https://registry.npmjs.org/brace-expansion/-/brace-expansion-5.0.7.tgz 6765ms (cache miss)
1416 http fetch GET 200 https://registry.npmjs.org/@babel/core/-/core-7.29.7.tgz 6777ms (cache miss)
1417 http fetch GET 200 https://registry.npmjs.org/debug/-/debug-3.2.7.tgz 6887ms (cache miss)
1418 http fetch GET 200 https://registry.npmjs.org/dom-accessibility-api/-/dom-accessibility-api-0.6.3.tgz 6890ms (cache miss)
1419 http fetch GET 200 https://registry.npmjs.org/minimatch/-/minimatch-10.2.5.tgz 6902ms (cache miss)
1420 http fetch GET 200 https://registry.npmjs.org/lodash/-/lodash-4.18.1.tgz 7041ms (cache miss)
1421 http fetch GET 200 https://registry.npmjs.org/lru-cache/-/lru-cache-10.4.3.tgz 6980ms (cache miss)
1422 http fetch GET 200 https://registry.npmjs.org/@asamuzakjp/css-color/-/css-color-3.2.0.tgz 7021ms (cache miss)
1423 http fetch GET 200 https://registry.npmjs.org/@babel/helpers/-/helpers-7.29.7.tgz 7156ms (cache miss)
1424 http fetch GET 200 https://registry.npmjs.org/jsdom/-/jsdom-26.1.0.tgz 7240ms (cache miss)
1425 http fetch GET 200 https://registry.npmjs.org/aria-query/-/aria-query-5.3.2.tgz 7261ms (cache miss)
1426 http fetch GET 200 https://registry.npmjs.org/caniuse-lite/-/caniuse-lite-1.0.30001806.tgz 7488ms (cache miss)
1427 http fetch GET 200 https://registry.npmjs.org/@types/node/-/node-22.20.1.tgz 9344ms (cache miss)
1428 http fetch GET 200 https://registry.npmjs.org/@typescript-eslint/eslint-plugin/-/eslint-plugin-8.64.0.tgz 9938ms (cache miss)
1429 http fetch GET 200 https://registry.npmjs.org/es-abstract/-/es-abstract-1.24.2.tgz 9968ms (cache miss)
1430 http fetch GET 200 https://registry.npmjs.org/@electric-sql/pglite/-/pglite-0.3.7.tgz 14986ms (cache miss)
1431 http fetch GET 200 https://registry.npmjs.org/@esbuild/win32-x64/-/win32-x64-0.25.12.tgz 18146ms (cache miss)
1432 http fetch GET 200 https://registry.npmjs.org/@next/swc-win32-x64-msvc/-/swc-win32-x64-msvc-16.2.11.tgz 21125ms (cache miss)
1433 http fetch GET 200 https://registry.npmjs.org/next/-/next-16.2.11.tgz 28555ms (cache miss)
1434 http fetch GET 200 https://registry.npmjs.org/@img/sharp-win32-x64/-/sharp-win32-x64-0.35.3.tgz 29908ms (cache miss)
1435 info run esbuild@0.25.12 postinstall node_modules/esbuild node install.js
1436 info run unrs-resolver@1.12.2 postinstall node_modules/unrs-resolver node postinstall.js
1437 info run unrs-resolver@1.12.2 postinstall { code: 0, signal: null }
1438 info run esbuild@0.25.12 postinstall { code: 0, signal: null }
1439 silly ADD node_modules/zod-validation-error
1440 silly ADD node_modules/zod
1441 silly ADD node_modules/yocto-queue
1442 silly ADD node_modules/yallist
1443 silly ADD node_modules/xtend
1444 silly ADD node_modules/xmlchars
1445 silly ADD node_modules/xml-name-validator
1446 silly ADD node_modules/ws
1447 silly ADD node_modules/word-wrap
1448 silly ADD node_modules/why-is-node-running
1449 silly ADD node_modules/which-typed-array
1450 silly ADD node_modules/which-collection
1451 silly ADD node_modules/which-builtin-type
1452 silly ADD node_modules/which-boxed-primitive
1453 silly ADD node_modules/which
1454 silly ADD node_modules/whatwg-url
1455 silly ADD node_modules/whatwg-mimetype
1456 silly ADD node_modules/whatwg-encoding
1457 silly ADD node_modules/webidl-conversions
1458 silly ADD node_modules/w3c-xmlserializer
1459 silly ADD node_modules/vitest
1460 silly ADD node_modules/vitest/node_modules/picomatch
1461 silly ADD node_modules/vite-node
1462 silly ADD node_modules/vite
1463 silly ADD node_modules/vite/node_modules/picomatch
1464 silly ADD node_modules/vite/node_modules/fdir
1465 silly ADD node_modules/uri-js
1466 silly ADD node_modules/update-browserslist-db
1467 silly ADD node_modules/unrs-resolver
1468 silly ADD node_modules/undici-types
1469 silly ADD node_modules/unbox-primitive
1470 silly ADD node_modules/typescript-eslint
1471 silly ADD node_modules/typescript
1472 silly ADD node_modules/typed-array-length
1473 silly ADD node_modules/typed-array-byte-offset
1474 silly ADD node_modules/typed-array-byte-length
1475 silly ADD node_modules/typed-array-buffer
1476 silly ADD node_modules/type-check
1477 silly ADD node_modules/tsx
1478 silly ADD node_modules/tslib
1479 silly ADD node_modules/tsconfig-paths
1480 silly ADD node_modules/tsconfig-paths/node_modules/json5
1481 silly ADD node_modules/ts-api-utils
1482 silly ADD node_modules/tr46
1483 silly ADD node_modules/tough-cookie
1484 silly ADD node_modules/to-regex-range
1485 silly ADD node_modules/tldts-core
1486 silly ADD node_modules/tldts
1487 silly ADD node_modules/tinyspy
1488 silly ADD node_modules/tinyrainbow
1489 silly ADD node_modules/tinypool
1490 silly ADD node_modules/tinyglobby
1491 silly ADD node_modules/tinyglobby/node_modules/picomatch
1492 silly ADD node_modules/tinyglobby/node_modules/fdir
1493 silly ADD node_modules/tinyexec
1494 silly ADD node_modules/tinybench
1495 silly ADD node_modules/symbol-tree
1496 silly ADD node_modules/supports-preserve-symlinks-flag
1497 silly ADD node_modules/supports-color
1498 silly ADD node_modules/styled-jsx
1499 silly ADD node_modules/strip-literal
1500 silly ADD node_modules/strip-literal/node_modules/js-tokens
1501 silly ADD node_modules/strip-json-comments
1502 silly ADD node_modules/strip-indent
1503 silly ADD node_modules/strip-bom
1504 silly ADD node_modules/string.prototype.trimstart
1505 silly ADD node_modules/string.prototype.trimend
1506 silly ADD node_modules/string.prototype.trim
1507 silly ADD node_modules/string.prototype.repeat
1508 silly ADD node_modules/string.prototype.matchall
1509 silly ADD node_modules/string.prototype.includes
1510 silly ADD node_modules/stop-iteration-iterator
1511 silly ADD node_modules/std-env
1512 silly ADD node_modules/stackback
1513 silly ADD node_modules/stable-hash
1514 silly ADD node_modules/source-map-js
1515 silly ADD node_modules/siginfo
1516 silly ADD node_modules/side-channel-weakmap
1517 silly ADD node_modules/side-channel-map
1518 silly ADD node_modules/side-channel-list
1519 silly ADD node_modules/side-channel
1520 silly ADD node_modules/shebang-regex
1521 silly ADD node_modules/shebang-command
1522 silly ADD node_modules/sharp
1523 silly ADD node_modules/set-proto
1524 silly ADD node_modules/set-function-name
1525 silly ADD node_modules/set-function-length
1526 silly ADD node_modules/server-only
1527 silly ADD node_modules/semver
1528 silly ADD node_modules/scheduler
1529 silly ADD node_modules/saxes
1530 silly ADD node_modules/safer-buffer
1531 silly ADD node_modules/safe-regex-test
1532 silly ADD node_modules/safe-push-apply
1533 silly ADD node_modules/safe-array-concat
1534 silly ADD node_modules/run-parallel
1535 silly ADD node_modules/rrweb-cssom
1536 silly ADD node_modules/rollup
1537 silly ADD node_modules/reusify
1538 silly ADD node_modules/resolve-pkg-maps
1539 silly ADD node_modules/resolve-from
1540 silly ADD node_modules/resolve
1541 silly ADD node_modules/regexp.prototype.flags
1542 silly ADD node_modules/reflect.getprototypeof
1543 silly ADD node_modules/redent
1544 silly ADD node_modules/react-refresh
1545 silly ADD node_modules/react-is
1546 silly ADD node_modules/react-dom
1547 silly ADD node_modules/react
1548 silly ADD node_modules/queue-microtask
1549 silly ADD node_modules/punycode
1550 silly ADD node_modules/prop-types
1551 silly ADD node_modules/prop-types/node_modules/react-is
1552 silly ADD node_modules/pretty-format
1553 silly ADD node_modules/pretty-format/node_modules/ansi-styles
1554 silly ADD node_modules/prelude-ls
1555 silly ADD node_modules/postgres-interval
1556 silly ADD node_modules/postgres-date
1557 silly ADD node_modules/postgres-bytea
1558 silly ADD node_modules/postgres-array
1559 silly ADD node_modules/postgres
1560 silly ADD node_modules/postcss
1561 silly ADD node_modules/possible-typed-array-names
1562 silly ADD node_modules/picomatch
1563 silly ADD node_modules/picocolors
1564 silly ADD node_modules/pg-types
1565 silly ADD node_modules/pg-protocol
1566 silly ADD node_modules/pg-int8
1567 silly ADD node_modules/pathval
1568 silly ADD node_modules/pathe
1569 silly ADD node_modules/path-parse
1570 silly ADD node_modules/path-key
1571 silly ADD node_modules/path-exists
1572 silly ADD node_modules/parse5
1573 silly ADD node_modules/parent-module
1574 silly ADD node_modules/p-locate
1575 silly ADD node_modules/p-limit
1576 silly ADD node_modules/own-keys
1577 silly ADD node_modules/optionator
1578 silly ADD node_modules/object.values
1579 silly ADD node_modules/object.groupby
1580 silly ADD node_modules/object.fromentries
1581 silly ADD node_modules/object.entries
1582 silly ADD node_modules/object.assign
1583 silly ADD node_modules/object-keys
1584 silly ADD node_modules/object-inspect
1585 silly ADD node_modules/object-assign
1586 silly ADD node_modules/nwsapi
1587 silly ADD node_modules/node-releases
1588 silly ADD node_modules/node-exports-info
1589 silly ADD node_modules/node-exports-info/node_modules/semver
1590 silly ADD node_modules/next
1591 silly ADD node_modules/natural-compare
1592 silly ADD node_modules/napi-postinstall
1593 silly ADD node_modules/nanoid
1594 silly ADD node_modules/ms
1595 silly ADD node_modules/minimist
1596 silly ADD node_modules/minimatch
1597 silly ADD node_modules/min-indent
1598 silly ADD node_modules/micromatch
1599 silly ADD node_modules/merge2
1600 silly ADD node_modules/math-intrinsics
1601 silly ADD node_modules/magic-string
1602 silly ADD node_modules/lz-string
1603 silly ADD node_modules/lru-cache
1604 silly ADD node_modules/loupe
1605 silly ADD node_modules/loose-envify
1606 silly ADD node_modules/lodash.merge
1607 silly ADD node_modules/lodash
1608 silly ADD node_modules/locate-path
1609 silly ADD node_modules/levn
1610 silly ADD node_modules/language-tags
1611 silly ADD node_modules/language-subtag-registry
1612 silly ADD node_modules/keyv
1613 silly ADD node_modules/jsx-ast-utils
1614 silly ADD node_modules/json5
1615 silly ADD node_modules/json-stable-stringify-without-jsonify
1616 silly ADD node_modules/json-schema-traverse
1617 silly ADD node_modules/json-buffer
1618 silly ADD node_modules/jsesc
1619 silly ADD node_modules/jsdom
1620 silly ADD node_modules/js-yaml
1621 silly ADD node_modules/js-tokens
1622 silly ADD node_modules/iterator.prototype
1623 silly ADD node_modules/isexe
1624 silly ADD node_modules/isarray
1625 silly ADD node_modules/is-weakset
1626 silly ADD node_modules/is-weakref
1627 silly ADD node_modules/is-weakmap
1628 silly ADD node_modules/is-typed-array
1629 silly ADD node_modules/is-symbol
1630 silly ADD node_modules/is-string
1631 silly ADD node_modules/is-shared-array-buffer
1632 silly ADD node_modules/is-set
1633 silly ADD node_modules/is-regex
1634 silly ADD node_modules/is-potential-custom-element-name
1635 silly ADD node_modules/is-number-object
1636 silly ADD node_modules/is-number
1637 silly ADD node_modules/is-negative-zero
1638 silly ADD node_modules/is-map
1639 silly ADD node_modules/is-glob
1640 silly ADD node_modules/is-generator-function
1641 silly ADD node_modules/is-finalizationregistry
1642 silly ADD node_modules/is-extglob
1643 silly ADD node_modules/is-document.all
1644 silly ADD node_modules/is-date-object
1645 silly ADD node_modules/is-data-view
1646 silly ADD node_modules/is-core-module
1647 silly ADD node_modules/is-callable
1648 silly ADD node_modules/is-bun-module
1649 silly ADD node_modules/is-boolean-object
1650 silly ADD node_modules/is-bigint
1651 silly ADD node_modules/is-async-function
1652 silly ADD node_modules/is-array-buffer
1653 silly ADD node_modules/ipaddr.js
1654 silly ADD node_modules/internal-slot
1655 silly ADD node_modules/indent-string
1656 silly ADD node_modules/imurmurhash
1657 silly ADD node_modules/import-fresh
1658 silly ADD node_modules/ignore
1659 silly ADD node_modules/iconv-lite
1660 silly ADD node_modules/https-proxy-agent
1661 silly ADD node_modules/http-proxy-agent
1662 silly ADD node_modules/html-encoding-sniffer
1663 silly ADD node_modules/hermes-parser
1664 silly ADD node_modules/hermes-estree
1665 silly ADD node_modules/hasown
1666 silly ADD node_modules/has-tostringtag
1667 silly ADD node_modules/has-symbols
1668 silly ADD node_modules/has-proto
1669 silly ADD node_modules/has-property-descriptors
1670 silly ADD node_modules/has-flag
1671 silly ADD node_modules/has-bigints
1672 silly ADD node_modules/gopd
1673 silly ADD node_modules/globalthis
1674 silly ADD node_modules/globals
1675 silly ADD node_modules/glob-parent
1676 silly ADD node_modules/get-tsconfig
1677 silly ADD node_modules/get-symbol-description
1678 silly ADD node_modules/get-proto
1679 silly ADD node_modules/get-intrinsic
1680 silly ADD node_modules/gensync
1681 silly ADD node_modules/generator-function
1682 silly ADD node_modules/functions-have-names
1683 silly ADD node_modules/function.prototype.name
1684 silly ADD node_modules/function-bind
1685 silly ADD node_modules/for-each
1686 silly ADD node_modules/flatted
1687 silly ADD node_modules/flat-cache
1688 silly ADD node_modules/find-up
1689 silly ADD node_modules/fill-range
1690 silly ADD node_modules/file-entry-cache
1691 silly ADD node_modules/fastq
1692 silly ADD node_modules/fast-levenshtein
1693 silly ADD node_modules/fast-json-stable-stringify
1694 silly ADD node_modules/fast-glob
1695 silly ADD node_modules/fast-glob/node_modules/glob-parent
1696 silly ADD node_modules/fast-deep-equal
1697 silly ADD node_modules/fake-indexeddb
1698 silly ADD node_modules/expect-type
1699 silly ADD node_modules/esutils
1700 silly ADD node_modules/estree-walker
1701 silly ADD node_modules/estraverse
1702 silly ADD node_modules/esrecurse
1703 silly ADD node_modules/esquery
1704 silly ADD node_modules/espree
1705 silly ADD node_modules/eslint-visitor-keys
1706 silly ADD node_modules/eslint-scope
1707 silly ADD node_modules/eslint-plugin-react-hooks
1708 silly ADD node_modules/eslint-plugin-react
1709 silly ADD node_modules/eslint-plugin-react/node_modules/semver
1710 silly ADD node_modules/eslint-plugin-jsx-a11y
1711 silly ADD node_modules/eslint-plugin-jsx-a11y/node_modules/aria-query
1712 silly ADD node_modules/eslint-plugin-import
1713 silly ADD node_modules/eslint-plugin-import/node_modules/semver
1714 silly ADD node_modules/eslint-plugin-import/node_modules/debug
1715 silly ADD node_modules/eslint-module-utils
1716 silly ADD node_modules/eslint-module-utils/node_modules/debug
1717 silly ADD node_modules/eslint-import-resolver-typescript
1718 silly ADD node_modules/eslint-import-resolver-node
1719 silly ADD node_modules/eslint-import-resolver-node/node_modules/debug
1720 silly ADD node_modules/eslint-config-next
1721 silly ADD node_modules/eslint-config-next/node_modules/globals
1722 silly ADD node_modules/eslint
1723 silly ADD node_modules/eslint/node_modules/chalk
1724 silly ADD node_modules/escape-string-regexp
1725 silly ADD node_modules/escalade
1726 silly ADD node_modules/esbuild
1727 silly ADD node_modules/es-to-primitive
1728 silly ADD node_modules/es-shim-unscopables
1729 silly ADD node_modules/es-set-tostringtag
1730 silly ADD node_modules/es-object-atoms
1731 silly ADD node_modules/es-module-lexer
1732 silly ADD node_modules/es-iterator-helpers
1733 silly ADD node_modules/es-errors
1734 silly ADD node_modules/es-define-property
1735 silly ADD node_modules/es-abstract-get
1736 silly ADD node_modules/es-abstract
1737 silly ADD node_modules/entities
1738 silly ADD node_modules/emoji-regex
1739 silly ADD node_modules/electron-to-chromium
1740 silly ADD node_modules/dunder-proto
1741 silly ADD node_modules/dom-accessibility-api
1742 silly ADD node_modules/doctrine
1743 silly ADD node_modules/detect-libc
1744 silly ADD node_modules/dequal
1745 silly ADD node_modules/define-properties
1746 silly ADD node_modules/define-data-property
1747 silly ADD node_modules/deep-is
1748 silly ADD node_modules/deep-eql
1749 silly ADD node_modules/decimal.js
1750 silly ADD node_modules/debug
1751 silly ADD node_modules/data-view-byte-offset
1752 silly ADD node_modules/data-view-byte-length
1753 silly ADD node_modules/data-view-buffer
1754 silly ADD node_modules/data-urls
1755 silly ADD node_modules/damerau-levenshtein
1756 silly ADD node_modules/csstype
1757 silly ADD node_modules/cssstyle
1758 silly ADD node_modules/css.escape
1759 silly ADD node_modules/cross-spawn
1760 silly ADD node_modules/convert-source-map
1761 silly ADD node_modules/concat-map
1762 silly ADD node_modules/color-name
1763 silly ADD node_modules/color-convert
1764 silly ADD node_modules/client-only
1765 silly ADD node_modules/check-error
1766 silly ADD node_modules/chalk
1767 silly ADD node_modules/chai
1768 silly ADD node_modules/caniuse-lite
1769 silly ADD node_modules/callsites
1770 silly ADD node_modules/call-bound
1771 silly ADD node_modules/call-bind-apply-helpers
1772 silly ADD node_modules/call-bind
1773 silly ADD node_modules/cac
1774 silly ADD node_modules/browserslist
1775 silly ADD node_modules/braces
1776 silly ADD node_modules/brace-expansion
1777 silly ADD node_modules/baseline-browser-mapping
1778 silly ADD node_modules/balanced-match
1779 silly ADD node_modules/axobject-query
1780 silly ADD node_modules/axe-core
1781 silly ADD node_modules/available-typed-arrays
1782 silly ADD node_modules/async-function
1783 silly ADD node_modules/ast-types-flow
1784 silly ADD node_modules/assertion-error
1785 silly ADD node_modules/arraybuffer.prototype.slice
1786 silly ADD node_modules/array.prototype.tosorted
1787 silly ADD node_modules/array.prototype.flatmap
1788 silly ADD node_modules/array.prototype.flat
1789 silly ADD node_modules/array.prototype.findlastindex
1790 silly ADD node_modules/array.prototype.findlast
1791 silly ADD node_modules/array-includes
1792 silly ADD node_modules/array-buffer-byte-length
1793 silly ADD node_modules/aria-query
1794 silly ADD node_modules/argparse
1795 silly ADD node_modules/ansi-styles
1796 silly ADD node_modules/ansi-regex
1797 silly ADD node_modules/ajv
1798 silly ADD node_modules/agent-base
1799 silly ADD node_modules/acorn-jsx
1800 silly ADD node_modules/acorn
1801 silly ADD node_modules/@vitest/utils
1802 silly ADD node_modules/@vitest/spy
1803 silly ADD node_modules/@vitest/snapshot
1804 silly ADD node_modules/@vitest/runner
1805 silly ADD node_modules/@vitest/pretty-format
1806 silly ADD node_modules/@vitest/mocker
1807 silly ADD node_modules/@vitest/expect
1808 silly ADD node_modules/@vitejs/plugin-react
1809 silly ADD node_modules/@unrs/resolver-binding-win32-x64-msvc
1810 silly ADD node_modules/@typescript-eslint/visitor-keys
1811 silly ADD node_modules/@typescript-eslint/visitor-keys/node_modules/eslint-visitor-keys
1812 silly ADD node_modules/@typescript-eslint/utils
1813 silly ADD node_modules/@typescript-eslint/typescript-estree
1814 silly ADD node_modules/@typescript-eslint/typescript-estree/node_modules/minimatch
1815 silly ADD node_modules/@typescript-eslint/typescript-estree/node_modules/brace-expansion
1816 silly ADD node_modules/@typescript-eslint/typescript-estree/node_modules/balanced-match
1817 silly ADD node_modules/@typescript-eslint/types
1818 silly ADD node_modules/@typescript-eslint/type-utils
1819 silly ADD node_modules/@typescript-eslint/tsconfig-utils
1820 silly ADD node_modules/@typescript-eslint/scope-manager
1821 silly ADD node_modules/@typescript-eslint/project-service
1822 silly ADD node_modules/@typescript-eslint/parser
1823 silly ADD node_modules/@typescript-eslint/eslint-plugin
1824 silly ADD node_modules/@typescript-eslint/eslint-plugin/node_modules/ignore
1825 silly ADD node_modules/@types/react-dom
1826 silly ADD node_modules/@types/react
1827 silly ADD node_modules/@types/pg
1828 silly ADD node_modules/@types/node
1829 silly ADD node_modules/@types/json5
1830 silly ADD node_modules/@types/json-schema
1831 silly ADD node_modules/@types/estree
1832 silly ADD node_modules/@types/deep-eql
1833 silly ADD node_modules/@types/chai
1834 silly ADD node_modules/@types/babel__traverse
1835 silly ADD node_modules/@types/babel__template
1836 silly ADD node_modules/@types/babel__generator
1837 silly ADD node_modules/@types/babel__core
1838 silly ADD node_modules/@types/aria-query
1839 silly ADD node_modules/@testing-library/react
1840 silly ADD node_modules/@testing-library/jest-dom
1841 silly ADD node_modules/@testing-library/jest-dom/node_modules/dom-accessibility-api
1842 silly ADD node_modules/@testing-library/dom
1843 silly ADD node_modules/@swc/helpers
1844 silly ADD node_modules/@rtsao/scc
1845 silly ADD node_modules/@rollup/rollup-win32-x64-msvc
1846 silly ADD node_modules/@rollup/rollup-win32-x64-gnu
1847 silly ADD node_modules/@nolyfill/is-core-module
1848 silly ADD node_modules/@nodelib/fs.walk
1849 silly ADD node_modules/@nodelib/fs.stat
1850 silly ADD node_modules/@nodelib/fs.scandir
1851 silly ADD node_modules/@next/swc-win32-x64-msvc
1852 silly ADD node_modules/@next/eslint-plugin-next
1853 silly ADD node_modules/@next/env
1854 silly ADD node_modules/@neondatabase/serverless
1855 silly ADD node_modules/@neondatabase/serverless/node_modules/@types/node
1856 silly ADD node_modules/@jridgewell/trace-mapping
1857 silly ADD node_modules/@jridgewell/sourcemap-codec
1858 silly ADD node_modules/@jridgewell/resolve-uri
1859 silly ADD node_modules/@jridgewell/remapping
1860 silly ADD node_modules/@jridgewell/gen-mapping
1861 silly ADD node_modules/@img/sharp-win32-x64
1862 silly ADD node_modules/@img/colour
1863 silly ADD node_modules/@humanwhocodes/retry
1864 silly ADD node_modules/@humanwhocodes/module-importer
1865 silly ADD node_modules/@humanfs/types
1866 silly ADD node_modules/@humanfs/node
1867 silly ADD node_modules/@humanfs/core
1868 silly ADD node_modules/@eslint/plugin-kit
1869 silly ADD node_modules/@eslint/object-schema
1870 silly ADD node_modules/@eslint/js
1871 silly ADD node_modules/@eslint/eslintrc
1872 silly ADD node_modules/@eslint/core
1873 silly ADD node_modules/@eslint/config-helpers
1874 silly ADD node_modules/@eslint/config-array
1875 silly ADD node_modules/@eslint-community/regexpp
1876 silly ADD node_modules/@eslint-community/eslint-utils
1877 silly ADD node_modules/@eslint-community/eslint-utils/node_modules/eslint-visitor-keys
1878 silly ADD node_modules/@esbuild/win32-x64
1879 silly ADD node_modules/@electric-sql/pglite
1880 silly ADD node_modules/@csstools/css-tokenizer
1881 silly ADD node_modules/@csstools/css-parser-algorithms
1882 silly ADD node_modules/@csstools/css-color-parser
1883 silly ADD node_modules/@csstools/css-calc
1884 silly ADD node_modules/@csstools/color-helpers
1885 silly ADD node_modules/@babel/types
1886 silly ADD node_modules/@babel/traverse
1887 silly ADD node_modules/@babel/template
1888 silly ADD node_modules/@babel/runtime
1889 silly ADD node_modules/@babel/plugin-transform-react-jsx-source
1890 silly ADD node_modules/@babel/plugin-transform-react-jsx-self
1891 silly ADD node_modules/@babel/parser
1892 silly ADD node_modules/@babel/helpers
1893 silly ADD node_modules/@babel/helper-validator-option
1894 silly ADD node_modules/@babel/helper-validator-identifier
1895 silly ADD node_modules/@babel/helper-string-parser
1896 silly ADD node_modules/@babel/helper-plugin-utils
1897 silly ADD node_modules/@babel/helper-module-transforms
1898 silly ADD node_modules/@babel/helper-module-imports
1899 silly ADD node_modules/@babel/helper-globals
1900 silly ADD node_modules/@babel/helper-compilation-targets
1901 silly ADD node_modules/@babel/helper-compilation-targets/node_modules/semver
1902 silly ADD node_modules/@babel/generator
1903 silly ADD node_modules/@babel/core
1904 silly ADD node_modules/@babel/core/node_modules/semver
1905 silly ADD node_modules/@babel/compat-data
1906 silly ADD node_modules/@babel/code-frame
1907 silly ADD node_modules/@asamuzakjp/css-color
1908 silly ADD node_modules/@asamuzakjp/css-color/node_modules/lru-cache
1909 silly ADD node_modules/@adobe/css-tools
1910 verbose cwd D:\Dev\Projects\ytb-vps-scene\.worktrees\cleanup-scene-switch-state\web
1911 verbose os Windows_NT 10.0.26100
1912 verbose node v24.16.0
1913 verbose npm  v11.13.0
1914 notice
1914 notice New major version of npm available! 11.13.0 -> 12.0.1
1914 notice Changelog: https://github.com/npm/cli/releases/tag/v12.0.1
1914 notice To update run: npm install -g npm@12.0.1
1914 notice  { force: true, Symbol(proc-log.meta): true }
1915 verbose exit 0
1916 info ok
