0 verbose cli C:\Program Files\nodejs\node.exe C:\Program Files\nodejs\node_modules\npm\bin\npm-cli.js
1 info using npm@11.13.0
2 info using node@v24.16.0
3 silly config load:file:C:\Program Files\nodejs\node_modules\npm\npmrc
4 silly config load:file:D:\Dev\Projects\ytb-vps-scene\.worktrees\cleanup-scene-switch-state\web\.npmrc
5 silly config load:file:C:\Users\MrThien\.npmrc
6 silly config load:file:C:\Users\MrThien\AppData\Roaming\npm\etc\npmrc
7 verbose title npm ci
8 verbose argv "ci"
9 verbose logfile logs-max:10 dir:D:\Dev\Projects\ytb-vps-scene\.worktrees\cleanup-scene-switch-state\web\.npm-cache\_logs\2026-07-24T15_06_53_034Z-
10 verbose logfile D:\Dev\Projects\ytb-vps-scene\.worktrees\cleanup-scene-switch-state\web\.npm-cache\_logs\2026-07-24T15_06_53_034Z-debug-0.log
11 silly logfile done cleaning log files
12 silly packumentCache heap:4496293888 maxSize:1124073472 maxEntrySize:562036736
13 silly packumentCache heap:4496293888 maxSize:1124073472 maxEntrySize:562036736
14 silly idealTree buildDeps
15 warn EBADENGINE Unsupported engine {
15 warn EBADENGINE   package: 'ytb-vps-control-plane@0.1.0',
15 warn EBADENGINE   required: { node: '22.x' },
15 warn EBADENGINE   current: { node: 'v24.16.0', npm: '11.13.0' }
15 warn EBADENGINE }
16 silly reify moves {}
17 silly audit bulk request {
17 silly audit   '@adobe/css-tools': [ '4.5.0' ],
17 silly audit   '@asamuzakjp/css-color': [ '3.2.0' ],
17 silly audit   'lru-cache': [ '10.4.3', '5.1.1' ],
17 silly audit   '@babel/code-frame': [ '7.29.7' ],
17 silly audit   '@babel/compat-data': [ '7.29.7' ],
17 silly audit   '@babel/core': [ '7.29.7' ],
17 silly audit   semver: [ '6.3.1', '7.8.5' ],
17 silly audit   '@babel/generator': [ '7.29.7' ],
17 silly audit   '@babel/helper-compilation-targets': [ '7.29.7' ],
17 silly audit   '@babel/helper-globals': [ '7.29.7' ],
17 silly audit   '@babel/helper-module-imports': [ '7.29.7' ],
17 silly audit   '@babel/helper-module-transforms': [ '7.29.7' ],
17 silly audit   '@babel/helper-plugin-utils': [ '7.29.7' ],
17 silly audit   '@babel/helper-string-parser': [ '7.29.7' ],
17 silly audit   '@babel/helper-validator-identifier': [ '7.29.7' ],
17 silly audit   '@babel/helper-validator-option': [ '7.29.7' ],
17 silly audit   '@babel/helpers': [ '7.29.7' ],
17 silly audit   '@babel/parser': [ '7.29.7' ],
17 silly audit   '@babel/plugin-transform-react-jsx-self': [ '7.29.7' ],
17 silly audit   '@babel/plugin-transform-react-jsx-source': [ '7.29.7' ],
17 silly audit   '@babel/runtime': [ '7.29.7' ],
17 silly audit   '@babel/template': [ '7.29.7' ],
17 silly audit   '@babel/traverse': [ '7.29.7' ],
17 silly audit   '@babel/types': [ '7.29.7' ],
17 silly audit   '@csstools/color-helpers': [ '5.1.0' ],
17 silly audit   '@csstools/css-calc': [ '2.1.4' ],
17 silly audit   '@csstools/css-color-parser': [ '3.1.0' ],
17 silly audit   '@csstools/css-parser-algorithms': [ '3.0.5' ],
17 silly audit   '@csstools/css-tokenizer': [ '3.0.4' ],
17 silly audit   '@electric-sql/pglite': [ '0.3.7' ],
17 silly audit   '@emnapi/core': [ '1.10.0' ],
17 silly audit   '@emnapi/runtime': [ '1.11.2', '1.10.0' ],
17 silly audit   '@emnapi/wasi-threads': [ '1.2.1' ],
17 silly audit   '@esbuild/aix-ppc64': [ '0.25.12' ],
17 silly audit   '@esbuild/android-arm': [ '0.25.12' ],
17 silly audit   '@esbuild/android-arm64': [ '0.25.12' ],
17 silly audit   '@esbuild/android-x64': [ '0.25.12' ],
17 silly audit   '@esbuild/darwin-arm64': [ '0.25.12' ],
17 silly audit   '@esbuild/darwin-x64': [ '0.25.12' ],
17 silly audit   '@esbuild/freebsd-arm64': [ '0.25.12' ],
17 silly audit   '@esbuild/freebsd-x64': [ '0.25.12' ],
17 silly audit   '@esbuild/linux-arm': [ '0.25.12' ],
17 silly audit   '@esbuild/linux-arm64': [ '0.25.12' ],
17 silly audit   '@esbuild/linux-ia32': [ '0.25.12' ],
17 silly audit   '@esbuild/linux-loong64': [ '0.25.12' ],
17 silly audit   '@esbuild/linux-mips64el': [ '0.25.12' ],
17 silly audit   '@esbuild/linux-ppc64': [ '0.25.12' ],
17 silly audit   '@esbuild/linux-riscv64': [ '0.25.12' ],
17 silly audit   '@esbuild/linux-s390x': [ '0.25.12' ],
17 silly audit   '@esbuild/linux-x64': [ '0.25.12' ],
17 silly audit   '@esbuild/netbsd-arm64': [ '0.25.12' ],
17 silly audit   '@esbuild/netbsd-x64': [ '0.25.12' ],
17 silly audit   '@esbuild/openbsd-arm64': [ '0.25.12' ],
17 silly audit   '@esbuild/openbsd-x64': [ '0.25.12' ],
17 silly audit   '@esbuild/openharmony-arm64': [ '0.25.12' ],
17 silly audit   '@esbuild/sunos-x64': [ '0.25.12' ],
17 silly audit   '@esbuild/win32-arm64': [ '0.25.12' ],
17 silly audit   '@esbuild/win32-ia32': [ '0.25.12' ],
17 silly audit   '@esbuild/win32-x64': [ '0.25.12' ],
17 silly audit   '@eslint-community/eslint-utils': [ '4.9.1' ],
17 silly audit   'eslint-visitor-keys': [ '3.4.3', '5.0.1', '4.2.1' ],
17 silly audit   '@eslint-community/regexpp': [ '4.12.2' ],
17 silly audit   '@eslint/config-array': [ '0.21.2' ],
17 silly audit   '@eslint/config-helpers': [ '0.4.2' ],
17 silly audit   '@eslint/core': [ '0.17.0' ],
17 silly audit   '@eslint/eslintrc': [ '3.3.6' ],
17 silly audit   '@eslint/js': [ '9.39.5' ],
17 silly audit   '@eslint/object-schema': [ '2.1.7' ],
17 silly audit   '@eslint/plugin-kit': [ '0.4.1' ],
17 silly audit   '@humanfs/core': [ '0.19.2' ],
17 silly audit   '@humanfs/node': [ '0.16.8' ],
17 silly audit   '@humanfs/types': [ '0.15.0' ],
17 silly audit   '@humanwhocodes/module-importer': [ '1.0.1' ],
17 silly audit   '@humanwhocodes/retry': [ '0.4.3' ],
17 silly audit   '@img/colour': [ '1.1.0' ],
17 silly audit   '@img/sharp-darwin-arm64': [ '0.35.3' ],
17 silly audit   '@img/sharp-darwin-x64': [ '0.35.3' ],
17 silly audit   '@img/sharp-freebsd-wasm32': [ '0.35.3' ],
17 silly audit   '@img/sharp-libvips-darwin-arm64': [ '1.3.2' ],
17 silly audit   '@img/sharp-libvips-darwin-x64': [ '1.3.2' ],
17 silly audit   '@img/sharp-libvips-linux-arm': [ '1.3.2' ],
17 silly audit   '@img/sharp-libvips-linux-arm64': [ '1.3.2' ],
17 silly audit   '@img/sharp-libvips-linux-ppc64': [ '1.3.2' ],
17 silly audit   '@img/sharp-libvips-linux-riscv64': [ '1.3.2' ],
17 silly audit   '@img/sharp-libvips-linux-s390x': [ '1.3.2' ],
17 silly audit   '@img/sharp-libvips-linux-x64': [ '1.3.2' ],
17 silly audit   '@img/sharp-libvips-linuxmusl-arm64': [ '1.3.2' ],
17 silly audit   '@img/sharp-libvips-linuxmusl-x64': [ '1.3.2' ],
17 silly audit   '@img/sharp-linux-arm': [ '0.35.3' ],
17 silly audit   '@img/sharp-linux-arm64': [ '0.35.3' ],
17 silly audit   '@img/sharp-linux-ppc64': [ '0.35.3' ],
17 silly audit   '@img/sharp-linux-riscv64': [ '0.35.3' ],
17 silly audit   '@img/sharp-linux-s390x': [ '0.35.3' ],
17 silly audit   '@img/sharp-linux-x64': [ '0.35.3' ],
17 silly audit   '@img/sharp-linuxmusl-arm64': [ '0.35.3' ],
17 silly audit   '@img/sharp-linuxmusl-x64': [ '0.35.3' ],
17 silly audit   '@img/sharp-wasm32': [ '0.35.3' ],
17 silly audit   '@img/sharp-webcontainers-wasm32': [ '0.35.3' ],
17 silly audit   '@img/sharp-win32-arm64': [ '0.35.3' ],
17 silly audit   '@img/sharp-win32-ia32': [ '0.35.3' ],
17 silly audit   '@img/sharp-win32-x64': [ '0.35.3' ],
17 silly audit   '@jridgewell/gen-mapping': [ '0.3.13' ],
17 silly audit   '@jridgewell/remapping': [ '2.3.5' ],
17 silly audit   '@jridgewell/resolve-uri': [ '3.1.2' ],
17 silly audit   '@jridgewell/sourcemap-codec': [ '1.5.5' ],
17 silly audit   '@jridgewell/trace-mapping': [ '0.3.31' ],
17 silly audit   '@napi-rs/wasm-runtime': [ '1.1.6' ],
17 silly audit   '@neondatabase/serverless': [ '1.0.2' ],
17 silly audit   '@types/node': [ '22.20.1', '22.15.3' ],
17 silly audit   '@next/env': [ '16.2.11' ],
17 silly audit   '@next/eslint-plugin-next': [ '16.2.11' ],
17 silly audit   '@next/swc-darwin-arm64': [ '16.2.11' ],
17 silly audit   '@next/swc-darwin-x64': [ '16.2.11' ],
17 silly audit   '@next/swc-linux-arm64-gnu': [ '16.2.11' ],
17 silly audit   '@next/swc-linux-arm64-musl': [ '16.2.11' ],
17 silly audit   '@next/swc-linux-x64-gnu': [ '16.2.11' ],
17 silly audit   '@next/swc-linux-x64-musl': [ '16.2.11' ],
17 silly audit   '@next/swc-win32-arm64-msvc': [ '16.2.11' ],
17 silly audit   '@next/swc-win32-x64-msvc': [ '16.2.11' ],
17 silly audit   '@nodelib/fs.scandir': [ '2.1.5' ],
17 silly audit   '@nodelib/fs.stat': [ '2.0.5' ],
17 silly audit   '@nodelib/fs.walk': [ '1.2.8' ],
17 silly audit   '@nolyfill/is-core-module': [ '1.0.39' ],
17 silly audit   '@rollup/rollup-android-arm-eabi': [ '4.62.2' ],
17 silly audit   '@rollup/rollup-android-arm64': [ '4.62.2' ],
17 silly audit   '@rollup/rollup-darwin-arm64': [ '4.62.2' ],
17 silly audit   '@rollup/rollup-darwin-x64': [ '4.62.2' ],
17 silly audit   '@rollup/rollup-freebsd-arm64': [ '4.62.2' ],
17 silly audit   '@rollup/rollup-freebsd-x64': [ '4.62.2' ],
17 silly audit   '@rollup/rollup-linux-arm-gnueabihf': [ '4.62.2' ],
17 silly audit   '@rollup/rollup-linux-arm-musleabihf': [ '4.62.2' ],
17 silly audit   '@rollup/rollup-linux-arm64-gnu': [ '4.62.2' ],
17 silly audit   '@rollup/rollup-linux-arm64-musl': [ '4.62.2' ],
17 silly audit   '@rollup/rollup-linux-loong64-gnu': [ '4.62.2' ],
17 silly audit   '@rollup/rollup-linux-loong64-musl': [ '4.62.2' ],
17 silly audit   '@rollup/rollup-linux-ppc64-gnu': [ '4.62.2' ],
17 silly audit   '@rollup/rollup-linux-ppc64-musl': [ '4.62.2' ],
17 silly audit   '@rollup/rollup-linux-riscv64-gnu': [ '4.62.2' ],
17 silly audit   '@rollup/rollup-linux-riscv64-musl': [ '4.62.2' ],
17 silly audit   '@rollup/rollup-linux-s390x-gnu': [ '4.62.2' ],
17 silly audit   '@rollup/rollup-linux-x64-gnu': [ '4.62.2' ],
17 silly audit   '@rollup/rollup-linux-x64-musl': [ '4.62.2' ],
17 silly audit   '@rollup/rollup-openbsd-x64': [ '4.62.2' ],
17 silly audit   '@rollup/rollup-openharmony-arm64': [ '4.62.2' ],
17 silly audit   '@rollup/rollup-win32-arm64-msvc': [ '4.62.2' ],
17 silly audit   '@rollup/rollup-win32-ia32-msvc': [ '4.62.2' ],
17 silly audit   '@rollup/rollup-win32-x64-gnu': [ '4.62.2' ],
17 silly audit   '@rollup/rollup-win32-x64-msvc': [ '4.62.2' ],
17 silly audit   '@rtsao/scc': [ '1.1.0' ],
17 silly audit   '@swc/helpers': [ '0.5.15' ],
17 silly audit   '@testing-library/dom': [ '10.4.1' ],
17 silly audit   '@testing-library/jest-dom': [ '6.6.3' ],
17 silly audit   'dom-accessibility-api': [ '0.6.3', '0.5.16' ],
17 silly audit   '@testing-library/react': [ '16.3.0' ],
17 silly audit   '@tybys/wasm-util': [ '0.10.3' ],
17 silly audit   '@types/aria-query': [ '5.0.4' ],
17 silly audit   '@types/babel__core': [ '7.20.5' ],
17 silly audit   '@types/babel__generator': [ '7.27.0' ],
17 silly audit   '@types/babel__template': [ '7.4.4' ],
17 silly audit   '@types/babel__traverse': [ '7.28.0' ],
17 silly audit   '@types/chai': [ '5.2.3' ],
17 silly audit   '@types/deep-eql': [ '4.0.2' ],
17 silly audit   '@types/estree': [ '1.0.9' ],
17 silly audit   '@types/json-schema': [ '7.0.15' ],
17 silly audit   '@types/json5': [ '0.0.29' ],
17 silly audit   '@types/pg': [ '8.20.0' ],
17 silly audit   '@types/react': [ '19.1.2' ],
17 silly audit   '@types/react-dom': [ '19.1.2' ],
17 silly audit   '@typescript-eslint/eslint-plugin': [ '8.64.0' ],
17 silly audit   ignore: [ '7.0.6', '5.3.2' ],
17 silly audit   '@typescript-eslint/parser': [ '8.64.0' ],
17 silly audit   '@typescript-eslint/project-service': [ '8.64.0' ],
17 silly audit   '@typescript-eslint/scope-manager': [ '8.64.0' ],
17 silly audit   '@typescript-eslint/tsconfig-utils': [ '8.64.0' ],
17 silly audit   '@typescript-eslint/type-utils': [ '8.64.0' ],
17 silly audit   '@typescript-eslint/types': [ '8.64.0' ],
17 silly audit   '@typescript-eslint/typescript-estree': [ '8.64.0' ],
17 silly audit   'balanced-match': [ '4.0.4', '1.0.2' ],
17 silly audit   'brace-expansion': [ '5.0.7', '1.1.16' ],
17 silly audit   minimatch: [ '10.2.5', '3.1.5' ],
17 silly audit   '@typescript-eslint/utils': [ '8.64.0' ],
17 silly audit   '@typescript-eslint/visitor-keys': [ '8.64.0' ],
17 silly audit   '@unrs/resolver-binding-android-arm-eabi': [ '1.12.2' ],
17 silly audit   '@unrs/resolver-binding-android-arm64': [ '1.12.2' ],
17 silly audit   '@unrs/resolver-binding-darwin-arm64': [ '1.12.2' ],
17 silly audit   '@unrs/resolver-binding-darwin-x64': [ '1.12.2' ],
17 silly audit   '@unrs/resolver-binding-freebsd-x64': [ '1.12.2' ],
17 silly audit   '@unrs/resolver-binding-linux-arm-gnueabihf': [ '1.12.2' ],
17 silly audit   '@unrs/resolver-binding-linux-arm-musleabihf': [ '1.12.2' ],
17 silly audit   '@unrs/resolver-binding-linux-arm64-gnu': [ '1.12.2' ],
17 silly audit   '@unrs/resolver-binding-linux-arm64-musl': [ '1.12.2' ],
17 silly audit   '@unrs/resolver-binding-linux-loong64-gnu': [ '1.12.2' ],
17 silly audit   '@unrs/resolver-binding-linux-loong64-musl': [ '1.12.2' ],
17 silly audit   '@unrs/resolver-binding-linux-ppc64-gnu': [ '1.12.2' ],
17 silly audit   '@unrs/resolver-binding-linux-riscv64-gnu': [ '1.12.2' ],
17 silly audit   '@unrs/resolver-binding-linux-riscv64-musl': [ '1.12.2' ],
17 silly audit   '@unrs/resolver-binding-linux-s390x-gnu': [ '1.12.2' ],
17 silly audit   '@unrs/resolver-binding-linux-x64-gnu': [ '1.12.2' ],
17 silly audit   '@unrs/resolver-binding-linux-x64-musl': [ '1.12.2' ],
17 silly audit   '@unrs/resolver-binding-openharmony-arm64': [ '1.12.2' ],
17 silly audit   '@unrs/resolver-binding-wasm32-wasi': [ '1.12.2' ],
17 silly audit   '@unrs/resolver-binding-win32-arm64-msvc': [ '1.12.2' ],
17 silly audit   '@unrs/resolver-binding-win32-ia32-msvc': [ '1.12.2' ],
17 silly audit   '@unrs/resolver-binding-win32-x64-msvc': [ '1.12.2' ],
17 silly audit   '@vitejs/plugin-react': [ '4.4.1' ],
17 silly audit   '@vitest/expect': [ '3.2.7' ],
17 silly audit   '@vitest/mocker': [ '3.2.7' ],
17 silly audit   '@vitest/pretty-format': [ '3.2.7' ],
17 silly audit   '@vitest/runner': [ '3.2.7' ],
17 silly audit   '@vitest/snapshot': [ '3.2.7' ],
17 silly audit   '@vitest/spy': [ '3.2.7' ],
17 silly audit   '@vitest/utils': [ '3.2.7' ],
17 silly audit   acorn: [ '8.17.0' ],
17 silly audit   'acorn-jsx': [ '5.3.2' ],
17 silly audit   'agent-base': [ '7.1.4' ],
17 silly audit   ajv: [ '6.15.0' ],
17 silly audit   'ansi-regex': [ '5.0.1' ],
17 silly audit   'ansi-styles': [ '4.3.0', '5.2.0' ],
17 silly audit   argparse: [ '2.0.1' ],
17 silly audit   'aria-query': [ '5.3.0', '5.3.2' ],
17 silly audit   'array-buffer-byte-length': [ '1.0.2' ],
17 silly audit   'array-includes': [ '3.1.9' ],
17 silly audit   'array.prototype.findlast': [ '1.2.5' ],
17 silly audit   'array.prototype.findlastindex': [ '1.2.6' ],
17 silly audit   'array.prototype.flat': [ '1.3.3' ],
17 silly audit   'array.prototype.flatmap': [ '1.3.3' ],
17 silly audit   'array.prototype.tosorted': [ '1.1.4' ],
17 silly audit   'arraybuffer.prototype.slice': [ '1.0.4' ],
17 silly audit   'assertion-error': [ '2.0.1' ],
17 silly audit   'ast-types-flow': [ '0.0.8' ],
17 silly audit   'async-function': [ '1.0.0' ],
17 silly audit   'available-typed-arrays': [ '1.0.7' ],
17 silly audit   'axe-core': [ '4.12.1' ],
17 silly audit   'axobject-query': [ '4.1.0' ],
17 silly audit   'baseline-browser-mapping': [ '2.10.43' ],
17 silly audit   braces: [ '3.0.3' ],
17 silly audit   browserslist: [ '4.28.6' ],
17 silly audit   cac: [ '6.7.14' ],
17 silly audit   'call-bind': [ '1.0.9' ],
17 silly audit   'call-bind-apply-helpers': [ '1.0.2' ],
17 silly audit   'call-bound': [ '1.0.4' ],
17 silly audit   callsites: [ '3.1.0' ],
17 silly audit   'caniuse-lite': [ '1.0.30001806' ],
17 silly audit   chai: [ '5.3.3' ],
17 silly audit   chalk: [ '3.0.0', '4.1.2' ],
17 silly audit   'check-error': [ '2.1.3' ],
17 silly audit   'client-only': [ '0.0.1' ],
17 silly audit   'color-convert': [ '2.0.1' ],
17 silly audit   'color-name': [ '1.1.4' ],
17 silly audit   'concat-map': [ '0.0.1' ],
17 silly audit   'convert-source-map': [ '2.0.0' ],
17 silly audit   'cross-spawn': [ '7.0.6' ],
17 silly audit   'css.escape': [ '1.5.1' ],
17 silly audit   cssstyle: [ '4.6.0' ],
17 silly audit   csstype: [ '3.2.3' ],
17 silly audit   'damerau-levenshtein': [ '1.0.8' ],
17 silly audit   'data-urls': [ '5.0.0' ],
17 silly audit   'data-view-buffer': [ '1.0.2' ],
17 silly audit   'data-view-byte-length': [ '1.0.2' ],
17 silly audit   'data-view-byte-offset': [ '1.0.1' ],
17 silly audit   debug: [ '4.4.3', '3.2.7' ],
17 silly audit   'decimal.js': [ '10.6.0' ],
17 silly audit   'deep-eql': [ '5.0.2' ],
17 silly audit   'deep-is': [ '0.1.4' ],
17 silly audit   'define-data-property': [ '1.1.4' ],
17 silly audit   'define-properties': [ '1.2.1' ],
17 silly audit   dequal: [ '2.0.3' ],
17 silly audit   'detect-libc': [ '2.1.2' ],
17 silly audit   doctrine: [ '2.1.0' ],
17 silly audit   'dunder-proto': [ '1.0.1' ],
17 silly audit   'electron-to-chromium': [ '1.5.393' ],
17 silly audit   'emoji-regex': [ '9.2.2' ],
17 silly audit   entities: [ '6.0.1' ],
17 silly audit   'es-abstract': [ '1.24.2' ],
17 silly audit   'es-abstract-get': [ '1.0.0' ],
17 silly audit   'es-define-property': [ '1.0.1' ],
17 silly audit   'es-errors': [ '1.3.0' ],
17 silly audit   'es-iterator-helpers': [ '1.4.0' ],
17 silly audit   'es-module-lexer': [ '1.7.0' ],
17 silly audit   'es-object-atoms': [ '1.1.2' ],
17 silly audit   'es-set-tostringtag': [ '2.1.0' ],
17 silly audit   'es-shim-unscopables': [ '1.1.0' ],
17 silly audit   'es-to-primitive': [ '1.3.4' ],
17 silly audit   esbuild: [ '0.25.12' ],
17 silly audit   escalade: [ '3.2.0' ],
17 silly audit   'escape-string-regexp': [ '4.0.0' ],
17 silly audit   eslint: [ '9.39.5' ],
17 silly audit   'eslint-config-next': [ '16.2.11' ],
17 silly audit   globals: [ '16.4.0', '14.0.0' ],
17 silly audit   'eslint-import-resolver-node': [ '0.3.10' ],
17 silly audit   'eslint-import-resolver-typescript': [ '3.10.1' ],
17 silly audit   'eslint-module-utils': [ '2.14.0' ],
17 silly audit   'eslint-plugin-import': [ '2.32.0' ],
17 silly audit   'eslint-plugin-jsx-a11y': [ '6.10.2' ],
17 silly audit   'eslint-plugin-react': [ '7.37.5' ],
17 silly audit   'eslint-plugin-react-hooks': [ '7.1.1' ],
17 silly audit   'eslint-scope': [ '8.4.0' ],
17 silly audit   espree: [ '10.4.0' ],
17 silly audit   esquery: [ '1.7.0' ],
17 silly audit   esrecurse: [ '4.3.0' ],
17 silly audit   estraverse: [ '5.3.0' ],
17 silly audit   'estree-walker': [ '3.0.3' ],
17 silly audit   esutils: [ '2.0.3' ],
17 silly audit   'expect-type': [ '1.4.0' ],
17 silly audit   'fake-indexeddb': [ '6.2.5' ],
17 silly audit   'fast-deep-equal': [ '3.1.3' ],
17 silly audit   'fast-glob': [ '3.3.1' ],
17 silly audit   'glob-parent': [ '5.1.2', '6.0.2' ],
17 silly audit   'fast-json-stable-stringify': [ '2.1.0' ],
17 silly audit   'fast-levenshtein': [ '2.0.6' ],
17 silly audit   fastq: [ '1.20.1' ],
17 silly audit   'file-entry-cache': [ '8.0.0' ],
17 silly audit   'fill-range': [ '7.1.1' ],
17 silly audit   'find-up': [ '5.0.0' ],
17 silly audit   'flat-cache': [ '4.0.1' ],
17 silly audit   flatted: [ '3.4.2' ],
17 silly audit   'for-each': [ '0.3.5' ],
17 silly audit   fsevents: [ '2.3.3' ],
17 silly audit   'function-bind': [ '1.1.2' ],
17 silly audit   'function.prototype.name': [ '1.2.0' ],
17 silly audit   'functions-have-names': [ '1.2.3' ],
17 silly audit   'generator-function': [ '2.0.1' ],
17 silly audit   gensync: [ '1.0.0-beta.2' ],
17 silly audit   'get-intrinsic': [ '1.3.0' ],
17 silly audit   'get-proto': [ '1.0.1' ],
17 silly audit   'get-symbol-description': [ '1.1.0' ],
17 silly audit   'get-tsconfig': [ '4.14.0' ],
17 silly audit   globalthis: [ '1.0.4' ],
17 silly audit   gopd: [ '1.2.0' ],
17 silly audit   'has-bigints': [ '1.1.0' ],
17 silly audit   'has-flag': [ '4.0.0' ],
17 silly audit   'has-property-descriptors': [ '1.0.2' ],
17 silly audit   'has-proto': [ '1.2.0' ],
17 silly audit   'has-symbols': [ '1.1.0' ],
17 silly audit   'has-tostringtag': [ '1.0.2' ],
17 silly audit   hasown: [ '2.0.4' ],
17 silly audit   'hermes-estree': [ '0.25.1' ],
17 silly audit   'hermes-parser': [ '0.25.1' ],
17 silly audit   'html-encoding-sniffer': [ '4.0.0' ],
17 silly audit   'http-proxy-agent': [ '7.0.2' ],
17 silly audit   'https-proxy-agent': [ '7.0.6' ],
17 silly audit   'iconv-lite': [ '0.6.3' ],
17 silly audit   'import-fresh': [ '3.3.1' ],
17 silly audit   imurmurhash: [ '0.1.4' ],
17 silly audit   'indent-string': [ '4.0.0' ],
17 silly audit   'internal-slot': [ '1.1.0' ],
17 silly audit   'ipaddr.js': [ '2.2.0' ],
17 silly audit   'is-array-buffer': [ '3.0.5' ],
17 silly audit   'is-async-function': [ '2.1.1' ],
17 silly audit   'is-bigint': [ '1.1.0' ],
17 silly audit   'is-boolean-object': [ '1.2.2' ],
17 silly audit   'is-bun-module': [ '2.0.0' ],
17 silly audit   'is-callable': [ '1.2.7' ],
17 silly audit   'is-core-module': [ '2.16.2' ],
17 silly audit   'is-data-view': [ '1.0.2' ],
17 silly audit   'is-date-object': [ '1.1.0' ],
17 silly audit   'is-document.all': [ '1.0.0' ],
17 silly audit   'is-extglob': [ '2.1.1' ],
17 silly audit   'is-finalizationregistry': [ '1.1.1' ],
17 silly audit   'is-generator-function': [ '1.1.2' ],
17 silly audit   'is-glob': [ '4.0.3' ],
17 silly audit   'is-map': [ '2.0.3' ],
17 silly audit   'is-negative-zero': [ '2.0.3' ],
17 silly audit   'is-number': [ '7.0.0' ],
17 silly audit   'is-number-object': [ '1.1.1' ],
17 silly audit   'is-potential-custom-element-name': [ '1.0.1' ],
17 silly audit   'is-regex': [ '1.2.1' ],
17 silly audit   'is-set': [ '2.0.3' ],
17 silly audit   'is-shared-array-buffer': [ '1.0.4' ],
17 silly audit   'is-string': [ '1.1.1' ],
17 silly audit   'is-symbol': [ '1.1.1' ],
17 silly audit   'is-typed-array': [ '1.1.15' ],
17 silly audit   'is-weakmap': [ '2.0.2' ],
17 silly audit   'is-weakref': [ '1.1.1' ],
17 silly audit   'is-weakset': [ '2.0.4' ],
17 silly audit   isarray: [ '2.0.5' ],
17 silly audit   isexe: [ '2.0.0' ],
17 silly audit   'iterator.prototype': [ '1.1.5' ],
17 silly audit   'js-tokens': [ '4.0.0', '9.0.1' ],
17 silly audit   'js-yaml': [ '4.3.0' ],
17 silly audit   jsdom: [ '26.1.0' ],
17 silly audit   jsesc: [ '3.1.0' ],
17 silly audit   'json-buffer': [ '3.0.1' ],
17 silly audit   'json-schema-traverse': [ '0.4.1' ],
17 silly audit   'json-stable-stringify-without-jsonify': [ '1.0.1' ],
17 silly audit   json5: [ '2.2.3', '1.0.2' ],
17 silly audit   'jsx-ast-utils': [ '3.3.5' ],
17 silly audit   keyv: [ '4.5.4' ],
17 silly audit   'language-subtag-registry': [ '0.3.23' ],
17 silly audit   'language-tags': [ '1.0.9' ],
17 silly audit   levn: [ '0.4.1' ],
17 silly audit   'locate-path': [ '6.0.0' ],
17 silly audit   lodash: [ '4.18.1' ],
17 silly audit   'lodash.merge': [ '4.6.2' ],
17 silly audit   'loose-envify': [ '1.4.0' ],
17 silly audit   loupe: [ '3.2.1' ],
17 silly audit   'lz-string': [ '1.5.0' ],
17 silly audit   'magic-string': [ '0.30.21' ],
17 silly audit   'math-intrinsics': [ '1.1.0' ],
17 silly audit   merge2: [ '1.4.1' ],
17 silly audit   micromatch: [ '4.0.8' ],
17 silly audit   'min-indent': [ '1.0.1' ],
17 silly audit   minimist: [ '1.2.8' ],
17 silly audit   ms: [ '2.1.3' ],
17 silly audit   nanoid: [ '3.3.16' ],
17 silly audit   'napi-postinstall': [ '0.3.4' ],
17 silly audit   'natural-compare': [ '1.4.0' ],
17 silly audit   next: [ '16.2.11' ],
17 silly audit   'node-exports-info': [ '1.6.2' ],
17 silly audit   'node-releases': [ '2.0.51' ],
17 silly audit   nwsapi: [ '2.2.24' ],
17 silly audit   'object-assign': [ '4.1.1' ],
17 silly audit   'object-inspect': [ '1.13.4' ],
17 silly audit   'object-keys': [ '1.1.1' ],
17 silly audit   'object.assign': [ '4.1.7' ],
17 silly audit   'object.entries': [ '1.1.9' ],
17 silly audit   'object.fromentries': [ '2.0.8' ],
17 silly audit   'object.groupby': [ '1.0.3' ],
17 silly audit   'object.values': [ '1.2.1' ],
17 silly audit   optionator: [ '0.9.4' ],
17 silly audit   'own-keys': [ '1.0.1' ],
17 silly audit   'p-limit': [ '3.1.0' ],
17 silly audit   'p-locate': [ '5.0.0' ],
17 silly audit   'parent-module': [ '1.0.1' ],
17 silly audit   parse5: [ '7.3.0' ],
17 silly audit   'path-exists': [ '4.0.0' ],
17 silly audit   'path-key': [ '3.1.1' ],
17 silly audit   'path-parse': [ '1.0.7' ],
17 silly audit   pathe: [ '2.0.3' ],
17 silly audit   pathval: [ '2.0.1' ],
17 silly audit   'pg-int8': [ '1.0.1' ],
17 silly audit   'pg-protocol': [ '1.15.0' ],
17 silly audit   'pg-types': [ '2.2.0' ],
17 silly audit   picocolors: [ '1.1.1' ],
17 silly audit   picomatch: [ '2.3.2', '4.0.5' ],
17 silly audit   'possible-typed-array-names': [ '1.1.0' ],
17 silly audit   postcss: [ '8.5.19' ],
17 silly audit   postgres: [ '3.4.7' ],
17 silly audit   'postgres-array': [ '2.0.0' ],
17 silly audit   'postgres-bytea': [ '1.0.1' ],
17 silly audit   'postgres-date': [ '1.0.7' ],
17 silly audit   'postgres-interval': [ '1.2.0' ],
17 silly audit   'prelude-ls': [ '1.2.1' ],
17 silly audit   'pretty-format': [ '27.5.1' ],
17 silly audit   'prop-types': [ '15.8.1' ],
17 silly audit   'react-is': [ '16.13.1', '17.0.2' ],
17 silly audit   punycode: [ '2.3.1' ],
17 silly audit   'queue-microtask': [ '1.2.3' ],
17 silly audit   react: [ '19.2.0' ],
17 silly audit   'react-dom': [ '19.2.0' ],
17 silly audit   'react-refresh': [ '0.17.0' ],
17 silly audit   redent: [ '3.0.0' ],
17 silly audit   'reflect.getprototypeof': [ '1.0.10' ],
17 silly audit   'regexp.prototype.flags': [ '1.5.4' ],
17 silly audit   resolve: [ '2.0.0-next.7' ],
17 silly audit   'resolve-from': [ '4.0.0' ],
17 silly audit   'resolve-pkg-maps': [ '1.0.0' ],
17 silly audit   reusify: [ '1.1.0' ],
17 silly audit   rollup: [ '4.62.2' ],
17 silly audit   'rrweb-cssom': [ '0.8.0' ],
17 silly audit   'run-parallel': [ '1.2.0' ],
17 silly audit   'safe-array-concat': [ '1.1.4' ],
17 silly audit   'safe-push-apply': [ '1.0.0' ],
17 silly audit   'safe-regex-test': [ '1.1.0' ],
17 silly audit   'safer-buffer': [ '2.1.2' ],
17 silly audit   saxes: [ '6.0.0' ],
17 silly audit   scheduler: [ '0.27.0' ],
17 silly audit   'server-only': [ '0.0.1' ],
17 silly audit   'set-function-length': [ '1.2.2' ],
17 silly audit   'set-function-name': [ '2.0.2' ],
17 silly audit   'set-proto': [ '1.0.0' ],
17 silly audit   sharp: [ '0.35.3' ],
17 silly audit   'shebang-command': [ '2.0.0' ],
17 silly audit   'shebang-regex': [ '3.0.0' ],
17 silly audit   'side-channel': [ '1.1.1' ],
17 silly audit   'side-channel-list': [ '1.0.1' ],
17 silly audit   'side-channel-map': [ '1.0.1' ],
17 silly audit   'side-channel-weakmap': [ '1.0.2' ],
17 silly audit   siginfo: [ '2.0.0' ],
17 silly audit   'source-map-js': [ '1.2.1' ],
17 silly audit   'stable-hash': [ '0.0.5' ],
17 silly audit   stackback: [ '0.0.2' ],
17 silly audit   'std-env': [ '3.10.0' ],
17 silly audit   'stop-iteration-iterator': [ '1.1.0' ],
17 silly audit   'string.prototype.includes': [ '2.0.1' ],
17 silly audit   'string.prototype.matchall': [ '4.0.12' ],
17 silly audit   'string.prototype.repeat': [ '1.0.0' ],
17 silly audit   'string.prototype.trim': [ '1.2.11' ],
17 silly audit   'string.prototype.trimend': [ '1.0.10' ],
17 silly audit   'string.prototype.trimstart': [ '1.0.8' ],
17 silly audit   'strip-bom': [ '3.0.0' ],
17 silly audit   'strip-indent': [ '3.0.0' ],
17 silly audit   'strip-json-comments': [ '3.1.1' ],
17 silly audit   'strip-literal': [ '3.1.0' ],
17 silly audit   'styled-jsx': [ '5.1.6' ],
17 silly audit   'supports-color': [ '7.2.0' ],
17 silly audit   'supports-preserve-symlinks-flag': [ '1.0.0' ],
17 silly audit   'symbol-tree': [ '3.2.4' ],
17 silly audit   tinybench: [ '2.9.0' ],
17 silly audit   tinyexec: [ '0.3.2' ],
17 silly audit   tinyglobby: [ '0.2.17' ],
17 silly audit   fdir: [ '6.5.0' ],
17 silly audit   tinypool: [ '1.1.1' ],
17 silly audit   tinyrainbow: [ '2.0.0' ],
17 silly audit   tinyspy: [ '4.0.4' ],
17 silly audit   tldts: [ '6.1.86' ],
17 silly audit   'tldts-core': [ '6.1.86' ],
17 silly audit   'to-regex-range': [ '5.0.1' ],
17 silly audit   'tough-cookie': [ '5.1.2' ],
17 silly audit   tr46: [ '5.1.1' ],
17 silly audit   'ts-api-utils': [ '2.5.0' ],
17 silly audit   'tsconfig-paths': [ '3.15.0' ],
17 silly audit   tslib: [ '2.8.1' ],
17 silly audit   tsx: [ '4.19.3' ],
17 silly audit   'type-check': [ '0.4.0' ],
17 silly audit   'typed-array-buffer': [ '1.0.3' ],
17 silly audit   'typed-array-byte-length': [ '1.0.3' ],
17 silly audit   'typed-array-byte-offset': [ '1.0.4' ],
17 silly audit   'typed-array-length': [ '1.0.8' ],
17 silly audit   typescript: [ '5.8.3' ],
17 silly audit   'typescript-eslint': [ '8.64.0' ],
17 silly audit   'unbox-primitive': [ '1.1.0' ],
17 silly audit   'undici-types': [ '6.21.0' ],
17 silly audit   'unrs-resolver': [ '1.12.2' ],
17 silly audit   'update-browserslist-db': [ '1.2.3' ],
17 silly audit   'uri-js': [ '4.4.1' ],
17 silly audit   vite: [ '6.4.3' ],
17 silly audit   'vite-node': [ '3.2.4' ],
17 silly audit   vitest: [ '3.2.7' ],
17 silly audit   'w3c-xmlserializer': [ '5.0.0' ],
17 silly audit   'webidl-conversions': [ '7.0.0' ],
17 silly audit   'whatwg-encoding': [ '3.1.1' ],
17 silly audit   'whatwg-mimetype': [ '4.0.0' ],
17 silly audit   'whatwg-url': [ '14.2.0' ],
17 silly audit   which: [ '2.0.2' ],
17 silly audit   'which-boxed-primitive': [ '1.1.1' ],
17 silly audit   'which-builtin-type': [ '1.2.1' ],
17 silly audit   'which-collection': [ '1.0.2' ],
17 silly audit   'which-typed-array': [ '1.1.22' ],
17 silly audit   'why-is-node-running': [ '2.3.0' ],
17 silly audit   'word-wrap': [ '1.2.5' ],
17 silly audit   ws: [ '8.21.1' ],
17 silly audit   'xml-name-validator': [ '5.0.0' ],
17 silly audit   xmlchars: [ '2.2.0' ],
17 silly audit   xtend: [ '4.0.2' ],
17 silly audit   yallist: [ '3.1.1' ],
17 silly audit   'yocto-queue': [ '0.1.0' ],
17 silly audit   zod: [ '4.1.5' ],
17 silly audit   'zod-validation-error': [ '4.0.2' ]
17 silly audit }
18 http cache zod-validation-error@https://registry.npmjs.org/zod-validation-error/-/zod-validation-error-4.0.2.tgz 1ms (cache hit)
19 http cache yocto-queue@https://registry.npmjs.org/yocto-queue/-/yocto-queue-0.1.0.tgz 0ms (cache hit)
20 http cache zod@https://registry.npmjs.org/zod/-/zod-4.1.5.tgz 0ms (cache hit)
21 http cache yallist@https://registry.npmjs.org/yallist/-/yallist-3.1.1.tgz 0ms (cache hit)
22 http cache xtend@https://registry.npmjs.org/xtend/-/xtend-4.0.2.tgz 0ms (cache hit)
23 http cache xml-name-validator@https://registry.npmjs.org/xml-name-validator/-/xml-name-validator-5.0.0.tgz 0ms (cache hit)
24 http cache xmlchars@https://registry.npmjs.org/xmlchars/-/xmlchars-2.2.0.tgz 0ms (cache hit)
25 http cache word-wrap@https://registry.npmjs.org/word-wrap/-/word-wrap-1.2.5.tgz 0ms (cache hit)
26 http cache ws@https://registry.npmjs.org/ws/-/ws-8.21.1.tgz 0ms (cache hit)
27 http cache why-is-node-running@https://registry.npmjs.org/why-is-node-running/-/why-is-node-running-2.3.0.tgz 0ms (cache hit)
28 http cache which-typed-array@https://registry.npmjs.org/which-typed-array/-/which-typed-array-1.1.22.tgz 0ms (cache hit)
29 http cache which-collection@https://registry.npmjs.org/which-collection/-/which-collection-1.0.2.tgz 0ms (cache hit)
30 http cache which-boxed-primitive@https://registry.npmjs.org/which-boxed-primitive/-/which-boxed-primitive-1.1.1.tgz 0ms (cache hit)
31 http cache which-builtin-type@https://registry.npmjs.org/which-builtin-type/-/which-builtin-type-1.2.1.tgz 0ms (cache hit)
32 http cache whatwg-url@https://registry.npmjs.org/whatwg-url/-/whatwg-url-14.2.0.tgz 0ms (cache hit)
33 http cache whatwg-mimetype@https://registry.npmjs.org/whatwg-mimetype/-/whatwg-mimetype-4.0.0.tgz 0ms (cache hit)
34 http cache whatwg-encoding@https://registry.npmjs.org/whatwg-encoding/-/whatwg-encoding-3.1.1.tgz 0ms (cache hit)
35 http cache webidl-conversions@https://registry.npmjs.org/webidl-conversions/-/webidl-conversions-7.0.0.tgz 0ms (cache hit)
36 http cache w3c-xmlserializer@https://registry.npmjs.org/w3c-xmlserializer/-/w3c-xmlserializer-5.0.0.tgz 0ms (cache hit)
37 http cache which@https://registry.npmjs.org/which/-/which-2.0.2.tgz 0ms (cache hit)
38 http cache vite-node@https://registry.npmjs.org/vite-node/-/vite-node-3.2.4.tgz 0ms (cache hit)
39 http cache vitest@https://registry.npmjs.org/vitest/-/vitest-3.2.7.tgz 0ms (cache hit)
40 http cache vite@https://registry.npmjs.org/vite/-/vite-6.4.3.tgz 0ms (cache hit)
41 http cache update-browserslist-db@https://registry.npmjs.org/update-browserslist-db/-/update-browserslist-db-1.2.3.tgz 0ms (cache hit)
42 http cache uri-js@https://registry.npmjs.org/uri-js/-/uri-js-4.4.1.tgz 0ms (cache hit)
43 http cache undici-types@https://registry.npmjs.org/undici-types/-/undici-types-6.21.0.tgz 0ms (cache hit)
44 http cache unbox-primitive@https://registry.npmjs.org/unbox-primitive/-/unbox-primitive-1.1.0.tgz 0ms (cache hit)
45 http cache unrs-resolver@https://registry.npmjs.org/unrs-resolver/-/unrs-resolver-1.12.2.tgz 0ms (cache hit)
46 http cache typescript@https://registry.npmjs.org/typescript/-/typescript-5.8.3.tgz 0ms (cache hit)
47 http cache typescript-eslint@https://registry.npmjs.org/typescript-eslint/-/typescript-eslint-8.64.0.tgz 0ms (cache hit)
48 http cache typed-array-byte-length@https://registry.npmjs.org/typed-array-byte-length/-/typed-array-byte-length-1.0.3.tgz 0ms (cache hit)
49 http cache typed-array-length@https://registry.npmjs.org/typed-array-length/-/typed-array-length-1.0.8.tgz 0ms (cache hit)
50 http cache typed-array-byte-offset@https://registry.npmjs.org/typed-array-byte-offset/-/typed-array-byte-offset-1.0.4.tgz 0ms (cache hit)
51 http cache typed-array-buffer@https://registry.npmjs.org/typed-array-buffer/-/typed-array-buffer-1.0.3.tgz 0ms (cache hit)
52 http cache tslib@https://registry.npmjs.org/tslib/-/tslib-2.8.1.tgz 0ms (cache hit)
53 http cache tsx@https://registry.npmjs.org/tsx/-/tsx-4.19.3.tgz 0ms (cache hit)
54 http cache type-check@https://registry.npmjs.org/type-check/-/type-check-0.4.0.tgz 0ms (cache hit)
55 http cache tsconfig-paths@https://registry.npmjs.org/tsconfig-paths/-/tsconfig-paths-3.15.0.tgz 0ms (cache hit)
56 http cache tough-cookie@https://registry.npmjs.org/tough-cookie/-/tough-cookie-5.1.2.tgz 0ms (cache hit)
57 http cache ts-api-utils@https://registry.npmjs.org/ts-api-utils/-/ts-api-utils-2.5.0.tgz 0ms (cache hit)
58 http cache tr46@https://registry.npmjs.org/tr46/-/tr46-5.1.1.tgz 0ms (cache hit)
59 http cache to-regex-range@https://registry.npmjs.org/to-regex-range/-/to-regex-range-5.0.1.tgz 0ms (cache hit)
60 http cache tldts-core@https://registry.npmjs.org/tldts-core/-/tldts-core-6.1.86.tgz 0ms (cache hit)
61 http cache tinyspy@https://registry.npmjs.org/tinyspy/-/tinyspy-4.0.4.tgz 0ms (cache hit)
62 http cache tinyrainbow@https://registry.npmjs.org/tinyrainbow/-/tinyrainbow-2.0.0.tgz 0ms (cache hit)
63 http cache tldts@https://registry.npmjs.org/tldts/-/tldts-6.1.86.tgz 0ms (cache hit)
64 http cache tinypool@https://registry.npmjs.org/tinypool/-/tinypool-1.1.1.tgz 0ms (cache hit)
65 http cache tinyglobby@https://registry.npmjs.org/tinyglobby/-/tinyglobby-0.2.17.tgz 0ms (cache hit)
66 http cache tinybench@https://registry.npmjs.org/tinybench/-/tinybench-2.9.0.tgz 0ms (cache hit)
67 http cache tinyexec@https://registry.npmjs.org/tinyexec/-/tinyexec-0.3.2.tgz 0ms (cache hit)
68 http cache supports-preserve-symlinks-flag@https://registry.npmjs.org/supports-preserve-symlinks-flag/-/supports-preserve-symlinks-flag-1.0.0.tgz 0ms (cache hit)
69 http cache supports-color@https://registry.npmjs.org/supports-color/-/supports-color-7.2.0.tgz 0ms (cache hit)
70 http cache symbol-tree@https://registry.npmjs.org/symbol-tree/-/symbol-tree-3.2.4.tgz 0ms (cache hit)
71 http cache styled-jsx@https://registry.npmjs.org/styled-jsx/-/styled-jsx-5.1.6.tgz 0ms (cache hit)
72 http cache strip-literal@https://registry.npmjs.org/strip-literal/-/strip-literal-3.1.0.tgz 0ms (cache hit)
73 http cache strip-indent@https://registry.npmjs.org/strip-indent/-/strip-indent-3.0.0.tgz 0ms (cache hit)
74 http cache string.prototype.trimstart@https://registry.npmjs.org/string.prototype.trimstart/-/string.prototype.trimstart-1.0.8.tgz 0ms (cache hit)
75 http cache strip-bom@https://registry.npmjs.org/strip-bom/-/strip-bom-3.0.0.tgz 0ms (cache hit)
76 http cache strip-json-comments@https://registry.npmjs.org/strip-json-comments/-/strip-json-comments-3.1.1.tgz 0ms (cache hit)
77 http cache string.prototype.trimend@https://registry.npmjs.org/string.prototype.trimend/-/string.prototype.trimend-1.0.10.tgz 0ms (cache hit)
78 http cache string.prototype.trim@https://registry.npmjs.org/string.prototype.trim/-/string.prototype.trim-1.2.11.tgz 0ms (cache hit)
79 http cache string.prototype.matchall@https://registry.npmjs.org/string.prototype.matchall/-/string.prototype.matchall-4.0.12.tgz 0ms (cache hit)
80 http cache string.prototype.repeat@https://registry.npmjs.org/string.prototype.repeat/-/string.prototype.repeat-1.0.0.tgz 0ms (cache hit)
81 http cache std-env@https://registry.npmjs.org/std-env/-/std-env-3.10.0.tgz 0ms (cache hit)
82 http cache stop-iteration-iterator@https://registry.npmjs.org/stop-iteration-iterator/-/stop-iteration-iterator-1.1.0.tgz 0ms (cache hit)
83 http cache string.prototype.includes@https://registry.npmjs.org/string.prototype.includes/-/string.prototype.includes-2.0.1.tgz 0ms (cache hit)
84 http cache stackback@https://registry.npmjs.org/stackback/-/stackback-0.0.2.tgz 0ms (cache hit)
85 http cache stable-hash@https://registry.npmjs.org/stable-hash/-/stable-hash-0.0.5.tgz 0ms (cache hit)
86 http cache source-map-js@https://registry.npmjs.org/source-map-js/-/source-map-js-1.2.1.tgz 0ms (cache hit)
87 http cache siginfo@https://registry.npmjs.org/siginfo/-/siginfo-2.0.0.tgz 0ms (cache hit)
88 http cache side-channel-map@https://registry.npmjs.org/side-channel-map/-/side-channel-map-1.0.1.tgz 0ms (cache hit)
89 http cache side-channel-list@https://registry.npmjs.org/side-channel-list/-/side-channel-list-1.0.1.tgz 0ms (cache hit)
90 http cache side-channel@https://registry.npmjs.org/side-channel/-/side-channel-1.1.1.tgz 0ms (cache hit)
91 http cache side-channel-weakmap@https://registry.npmjs.org/side-channel-weakmap/-/side-channel-weakmap-1.0.2.tgz 0ms (cache hit)
92 http cache shebang-command@https://registry.npmjs.org/shebang-command/-/shebang-command-2.0.0.tgz 0ms (cache hit)
93 http cache shebang-regex@https://registry.npmjs.org/shebang-regex/-/shebang-regex-3.0.0.tgz 0ms (cache hit)
94 http cache sharp@https://registry.npmjs.org/sharp/-/sharp-0.35.3.tgz 0ms (cache hit)
95 http cache set-proto@https://registry.npmjs.org/set-proto/-/set-proto-1.0.0.tgz 0ms (cache hit)
96 http cache set-function-length@https://registry.npmjs.org/set-function-length/-/set-function-length-1.2.2.tgz 0ms (cache hit)
97 http cache set-function-name@https://registry.npmjs.org/set-function-name/-/set-function-name-2.0.2.tgz 0ms (cache hit)
98 http cache server-only@https://registry.npmjs.org/server-only/-/server-only-0.0.1.tgz 0ms (cache hit)
99 http cache scheduler@https://registry.npmjs.org/scheduler/-/scheduler-0.27.0.tgz 0ms (cache hit)
100 http cache saxes@https://registry.npmjs.org/saxes/-/saxes-6.0.0.tgz 0ms (cache hit)
101 http cache safe-regex-test@https://registry.npmjs.org/safe-regex-test/-/safe-regex-test-1.1.0.tgz 0ms (cache hit)
102 http cache safe-push-apply@https://registry.npmjs.org/safe-push-apply/-/safe-push-apply-1.0.0.tgz 0ms (cache hit)
103 http cache semver@https://registry.npmjs.org/semver/-/semver-7.8.5.tgz 0ms (cache hit)
104 http cache safer-buffer@https://registry.npmjs.org/safer-buffer/-/safer-buffer-2.1.2.tgz 0ms (cache hit)
105 http cache safe-array-concat@https://registry.npmjs.org/safe-array-concat/-/safe-array-concat-1.1.4.tgz 0ms (cache hit)
106 http cache rrweb-cssom@https://registry.npmjs.org/rrweb-cssom/-/rrweb-cssom-0.8.0.tgz 0ms (cache hit)
107 http cache run-parallel@https://registry.npmjs.org/run-parallel/-/run-parallel-1.2.0.tgz 0ms (cache hit)
108 http cache rollup@https://registry.npmjs.org/rollup/-/rollup-4.62.2.tgz 0ms (cache hit)
109 http cache resolve@https://registry.npmjs.org/resolve/-/resolve-2.0.0-next.7.tgz 0ms (cache hit)
110 http cache resolve-pkg-maps@https://registry.npmjs.org/resolve-pkg-maps/-/resolve-pkg-maps-1.0.0.tgz 1ms (cache hit)
111 http cache resolve-from@https://registry.npmjs.org/resolve-from/-/resolve-from-4.0.0.tgz 0ms (cache hit)
112 http cache reusify@https://registry.npmjs.org/reusify/-/reusify-1.1.0.tgz 0ms (cache hit)
113 http cache regexp.prototype.flags@https://registry.npmjs.org/regexp.prototype.flags/-/regexp.prototype.flags-1.5.4.tgz 0ms (cache hit)
114 http cache redent@https://registry.npmjs.org/redent/-/redent-3.0.0.tgz 0ms (cache hit)
115 http cache reflect.getprototypeof@https://registry.npmjs.org/reflect.getprototypeof/-/reflect.getprototypeof-1.0.10.tgz 0ms (cache hit)
116 http cache react-refresh@https://registry.npmjs.org/react-refresh/-/react-refresh-0.17.0.tgz 0ms (cache hit)
117 http cache react-dom@https://registry.npmjs.org/react-dom/-/react-dom-19.2.0.tgz 0ms (cache hit)
118 http cache react-is@https://registry.npmjs.org/react-is/-/react-is-17.0.2.tgz 0ms (cache hit)
119 http cache react@https://registry.npmjs.org/react/-/react-19.2.0.tgz 0ms (cache hit)
120 http cache punycode@https://registry.npmjs.org/punycode/-/punycode-2.3.1.tgz 0ms (cache hit)
121 http cache prop-types@https://registry.npmjs.org/prop-types/-/prop-types-15.8.1.tgz 0ms (cache hit)
122 http cache queue-microtask@https://registry.npmjs.org/queue-microtask/-/queue-microtask-1.2.3.tgz 0ms (cache hit)
123 http cache prelude-ls@https://registry.npmjs.org/prelude-ls/-/prelude-ls-1.2.1.tgz 0ms (cache hit)
124 http cache postgres-interval@https://registry.npmjs.org/postgres-interval/-/postgres-interval-1.2.0.tgz 0ms (cache hit)
125 http cache postgres-bytea@https://registry.npmjs.org/postgres-bytea/-/postgres-bytea-1.0.1.tgz 0ms (cache hit)
126 http cache pretty-format@https://registry.npmjs.org/pretty-format/-/pretty-format-27.5.1.tgz 0ms (cache hit)
127 http cache postgres-array@https://registry.npmjs.org/postgres-array/-/postgres-array-2.0.0.tgz 0ms (cache hit)
128 http cache postgres-date@https://registry.npmjs.org/postgres-date/-/postgres-date-1.0.7.tgz 0ms (cache hit)
129 http cache postgres@https://registry.npmjs.org/postgres/-/postgres-3.4.7.tgz 1ms (cache hit)
130 http cache postcss@https://registry.npmjs.org/postcss/-/postcss-8.5.19.tgz 0ms (cache hit)
131 http cache possible-typed-array-names@https://registry.npmjs.org/possible-typed-array-names/-/possible-typed-array-names-1.1.0.tgz 0ms (cache hit)
132 http cache picomatch@https://registry.npmjs.org/picomatch/-/picomatch-2.3.2.tgz 0ms (cache hit)
133 http cache picocolors@https://registry.npmjs.org/picocolors/-/picocolors-1.1.1.tgz 0ms (cache hit)
134 http cache pg-types@https://registry.npmjs.org/pg-types/-/pg-types-2.2.0.tgz 0ms (cache hit)
135 http cache pg-int8@https://registry.npmjs.org/pg-int8/-/pg-int8-1.0.1.tgz 0ms (cache hit)
136 http cache pg-protocol@https://registry.npmjs.org/pg-protocol/-/pg-protocol-1.15.0.tgz 0ms (cache hit)
137 http cache pathval@https://registry.npmjs.org/pathval/-/pathval-2.0.1.tgz 0ms (cache hit)
138 http cache pathe@https://registry.npmjs.org/pathe/-/pathe-2.0.3.tgz 0ms (cache hit)
139 http cache path-parse@https://registry.npmjs.org/path-parse/-/path-parse-1.0.7.tgz 0ms (cache hit)
140 http cache path-key@https://registry.npmjs.org/path-key/-/path-key-3.1.1.tgz 0ms (cache hit)
141 http cache parse5@https://registry.npmjs.org/parse5/-/parse5-7.3.0.tgz 0ms (cache hit)
142 http cache parent-module@https://registry.npmjs.org/parent-module/-/parent-module-1.0.1.tgz 0ms (cache hit)
143 http cache path-exists@https://registry.npmjs.org/path-exists/-/path-exists-4.0.0.tgz 0ms (cache hit)
144 http cache p-locate@https://registry.npmjs.org/p-locate/-/p-locate-5.0.0.tgz 0ms (cache hit)
145 http cache p-limit@https://registry.npmjs.org/p-limit/-/p-limit-3.1.0.tgz 0ms (cache hit)
146 http cache own-keys@https://registry.npmjs.org/own-keys/-/own-keys-1.0.1.tgz 0ms (cache hit)
147 http cache optionator@https://registry.npmjs.org/optionator/-/optionator-0.9.4.tgz 0ms (cache hit)
148 http cache object.values@https://registry.npmjs.org/object.values/-/object.values-1.2.1.tgz 0ms (cache hit)
149 http cache object.fromentries@https://registry.npmjs.org/object.fromentries/-/object.fromentries-2.0.8.tgz 0ms (cache hit)
150 http cache object.entries@https://registry.npmjs.org/object.entries/-/object.entries-1.1.9.tgz 0ms (cache hit)
151 http cache object.groupby@https://registry.npmjs.org/object.groupby/-/object.groupby-1.0.3.tgz 0ms (cache hit)
152 http cache object.assign@https://registry.npmjs.org/object.assign/-/object.assign-4.1.7.tgz 0ms (cache hit)
153 http cache object-keys@https://registry.npmjs.org/object-keys/-/object-keys-1.1.1.tgz 0ms (cache hit)
154 http cache object-assign@https://registry.npmjs.org/object-assign/-/object-assign-4.1.1.tgz 0ms (cache hit)
155 http cache object-inspect@https://registry.npmjs.org/object-inspect/-/object-inspect-1.13.4.tgz 0ms (cache hit)
156 http cache nwsapi@https://registry.npmjs.org/nwsapi/-/nwsapi-2.2.24.tgz 0ms (cache hit)
157 http cache node-releases@https://registry.npmjs.org/node-releases/-/node-releases-2.0.51.tgz 0ms (cache hit)
158 http cache next@https://registry.npmjs.org/next/-/next-16.2.11.tgz 0ms (cache hit)
159 http cache natural-compare@https://registry.npmjs.org/natural-compare/-/natural-compare-1.4.0.tgz 0ms (cache hit)
160 http cache node-exports-info@https://registry.npmjs.org/node-exports-info/-/node-exports-info-1.6.2.tgz 0ms (cache hit)
161 http cache nanoid@https://registry.npmjs.org/nanoid/-/nanoid-3.3.16.tgz 0ms (cache hit)
162 http cache napi-postinstall@https://registry.npmjs.org/napi-postinstall/-/napi-postinstall-0.3.4.tgz 0ms (cache hit)
163 http cache minimatch@https://registry.npmjs.org/minimatch/-/minimatch-3.1.5.tgz 0ms (cache hit)
164 http cache minimist@https://registry.npmjs.org/minimist/-/minimist-1.2.8.tgz 0ms (cache hit)
165 http cache ms@https://registry.npmjs.org/ms/-/ms-2.1.3.tgz 0ms (cache hit)
166 http cache min-indent@https://registry.npmjs.org/min-indent/-/min-indent-1.0.1.tgz 0ms (cache hit)
167 http cache merge2@https://registry.npmjs.org/merge2/-/merge2-1.4.1.tgz 0ms (cache hit)
168 http cache micromatch@https://registry.npmjs.org/micromatch/-/micromatch-4.0.8.tgz 0ms (cache hit)
169 http cache lz-string@https://registry.npmjs.org/lz-string/-/lz-string-1.5.0.tgz 0ms (cache hit)
170 http cache magic-string@https://registry.npmjs.org/magic-string/-/magic-string-0.30.21.tgz 0ms (cache hit)
171 http cache loupe@https://registry.npmjs.org/loupe/-/loupe-3.2.1.tgz 0ms (cache hit)
172 http cache lru-cache@https://registry.npmjs.org/lru-cache/-/lru-cache-5.1.1.tgz 0ms (cache hit)
173 http cache math-intrinsics@https://registry.npmjs.org/math-intrinsics/-/math-intrinsics-1.1.0.tgz 0ms (cache hit)
174 http cache loose-envify@https://registry.npmjs.org/loose-envify/-/loose-envify-1.4.0.tgz 0ms (cache hit)
175 http cache lodash.merge@https://registry.npmjs.org/lodash.merge/-/lodash.merge-4.6.2.tgz 0ms (cache hit)
176 http cache lodash@https://registry.npmjs.org/lodash/-/lodash-4.18.1.tgz 0ms (cache hit)
177 http cache language-tags@https://registry.npmjs.org/language-tags/-/language-tags-1.0.9.tgz 0ms (cache hit)
178 http cache levn@https://registry.npmjs.org/levn/-/levn-0.4.1.tgz 0ms (cache hit)
179 http cache locate-path@https://registry.npmjs.org/locate-path/-/locate-path-6.0.0.tgz 0ms (cache hit)
180 http cache language-subtag-registry@https://registry.npmjs.org/language-subtag-registry/-/language-subtag-registry-0.3.23.tgz 0ms (cache hit)
181 http cache jsx-ast-utils@https://registry.npmjs.org/jsx-ast-utils/-/jsx-ast-utils-3.3.5.tgz 0ms (cache hit)
182 http cache keyv@https://registry.npmjs.org/keyv/-/keyv-4.5.4.tgz 0ms (cache hit)
183 http cache json5@https://registry.npmjs.org/json5/-/json5-2.2.3.tgz 0ms (cache hit)
184 http cache json-stable-stringify-without-jsonify@https://registry.npmjs.org/json-stable-stringify-without-jsonify/-/json-stable-stringify-without-jsonify-1.0.1.tgz 0ms (cache hit)
185 http cache json-buffer@https://registry.npmjs.org/json-buffer/-/json-buffer-3.0.1.tgz 0ms (cache hit)
186 http cache jsesc@https://registry.npmjs.org/jsesc/-/jsesc-3.1.0.tgz 0ms (cache hit)
187 http cache json-schema-traverse@https://registry.npmjs.org/json-schema-traverse/-/json-schema-traverse-0.4.1.tgz 0ms (cache hit)
188 http cache jsdom@https://registry.npmjs.org/jsdom/-/jsdom-26.1.0.tgz 0ms (cache hit)
189 http cache js-yaml@https://registry.npmjs.org/js-yaml/-/js-yaml-4.3.0.tgz 0ms (cache hit)
190 http cache iterator.prototype@https://registry.npmjs.org/iterator.prototype/-/iterator.prototype-1.1.5.tgz 0ms (cache hit)
191 http cache js-tokens@https://registry.npmjs.org/js-tokens/-/js-tokens-4.0.0.tgz 0ms (cache hit)
192 http cache isexe@https://registry.npmjs.org/isexe/-/isexe-2.0.0.tgz 0ms (cache hit)
193 http cache isarray@https://registry.npmjs.org/isarray/-/isarray-2.0.5.tgz 0ms (cache hit)
194 http cache is-weakmap@https://registry.npmjs.org/is-weakmap/-/is-weakmap-2.0.2.tgz 0ms (cache hit)
195 http cache is-weakset@https://registry.npmjs.org/is-weakset/-/is-weakset-2.0.4.tgz 1ms (cache hit)
196 http cache is-typed-array@https://registry.npmjs.org/is-typed-array/-/is-typed-array-1.1.15.tgz 0ms (cache hit)
197 http cache is-weakref@https://registry.npmjs.org/is-weakref/-/is-weakref-1.1.1.tgz 0ms (cache hit)
198 http cache is-string@https://registry.npmjs.org/is-string/-/is-string-1.1.1.tgz 0ms (cache hit)
199 http cache is-symbol@https://registry.npmjs.org/is-symbol/-/is-symbol-1.1.1.tgz 0ms (cache hit)
200 http cache is-shared-array-buffer@https://registry.npmjs.org/is-shared-array-buffer/-/is-shared-array-buffer-1.0.4.tgz 0ms (cache hit)
201 http cache is-set@https://registry.npmjs.org/is-set/-/is-set-2.0.3.tgz 0ms (cache hit)
202 http cache is-regex@https://registry.npmjs.org/is-regex/-/is-regex-1.2.1.tgz 0ms (cache hit)
203 http cache is-potential-custom-element-name@https://registry.npmjs.org/is-potential-custom-element-name/-/is-potential-custom-element-name-1.0.1.tgz 0ms (cache hit)
204 http cache is-number-object@https://registry.npmjs.org/is-number-object/-/is-number-object-1.1.1.tgz 0ms (cache hit)
205 http cache is-negative-zero@https://registry.npmjs.org/is-negative-zero/-/is-negative-zero-2.0.3.tgz 0ms (cache hit)
206 http cache is-number@https://registry.npmjs.org/is-number/-/is-number-7.0.0.tgz 0ms (cache hit)
207 http cache is-glob@https://registry.npmjs.org/is-glob/-/is-glob-4.0.3.tgz 0ms (cache hit)
208 http cache is-map@https://registry.npmjs.org/is-map/-/is-map-2.0.3.tgz 0ms (cache hit)
209 http cache is-extglob@https://registry.npmjs.org/is-extglob/-/is-extglob-2.1.1.tgz 0ms (cache hit)
210 http cache is-finalizationregistry@https://registry.npmjs.org/is-finalizationregistry/-/is-finalizationregistry-1.1.1.tgz 0ms (cache hit)
211 http cache is-generator-function@https://registry.npmjs.org/is-generator-function/-/is-generator-function-1.1.2.tgz 0ms (cache hit)
212 http cache is-document.all@https://registry.npmjs.org/is-document.all/-/is-document.all-1.0.0.tgz 0ms (cache hit)
213 http cache is-date-object@https://registry.npmjs.org/is-date-object/-/is-date-object-1.1.0.tgz 0ms (cache hit)
214 http cache is-core-module@https://registry.npmjs.org/is-core-module/-/is-core-module-2.16.2.tgz 0ms (cache hit)
215 http cache is-data-view@https://registry.npmjs.org/is-data-view/-/is-data-view-1.0.2.tgz 0ms (cache hit)
216 http cache is-callable@https://registry.npmjs.org/is-callable/-/is-callable-1.2.7.tgz 0ms (cache hit)
217 http cache is-bun-module@https://registry.npmjs.org/is-bun-module/-/is-bun-module-2.0.0.tgz 0ms (cache hit)
218 http cache is-bigint@https://registry.npmjs.org/is-bigint/-/is-bigint-1.1.0.tgz 0ms (cache hit)
219 http cache is-async-function@https://registry.npmjs.org/is-async-function/-/is-async-function-2.1.1.tgz 0ms (cache hit)
220 http cache is-boolean-object@https://registry.npmjs.org/is-boolean-object/-/is-boolean-object-1.2.2.tgz 0ms (cache hit)
221 http cache is-array-buffer@https://registry.npmjs.org/is-array-buffer/-/is-array-buffer-3.0.5.tgz 0ms (cache hit)
222 http cache ipaddr.js@https://registry.npmjs.org/ipaddr.js/-/ipaddr.js-2.2.0.tgz 0ms (cache hit)
223 http cache indent-string@https://registry.npmjs.org/indent-string/-/indent-string-4.0.0.tgz 0ms (cache hit)
224 http cache imurmurhash@https://registry.npmjs.org/imurmurhash/-/imurmurhash-0.1.4.tgz 0ms (cache hit)
225 http cache internal-slot@https://registry.npmjs.org/internal-slot/-/internal-slot-1.1.0.tgz 0ms (cache hit)
226 http cache ignore@https://registry.npmjs.org/ignore/-/ignore-5.3.2.tgz 0ms (cache hit)
227 http cache import-fresh@https://registry.npmjs.org/import-fresh/-/import-fresh-3.3.1.tgz 0ms (cache hit)
228 http cache iconv-lite@https://registry.npmjs.org/iconv-lite/-/iconv-lite-0.6.3.tgz 0ms (cache hit)
229 http cache http-proxy-agent@https://registry.npmjs.org/http-proxy-agent/-/http-proxy-agent-7.0.2.tgz 0ms (cache hit)
230 http cache html-encoding-sniffer@https://registry.npmjs.org/html-encoding-sniffer/-/html-encoding-sniffer-4.0.0.tgz 0ms (cache hit)
231 http cache https-proxy-agent@https://registry.npmjs.org/https-proxy-agent/-/https-proxy-agent-7.0.6.tgz 0ms (cache hit)
232 http cache hermes-parser@https://registry.npmjs.org/hermes-parser/-/hermes-parser-0.25.1.tgz 0ms (cache hit)
233 http cache hasown@https://registry.npmjs.org/hasown/-/hasown-2.0.4.tgz 0ms (cache hit)
234 http cache hermes-estree@https://registry.npmjs.org/hermes-estree/-/hermes-estree-0.25.1.tgz 0ms (cache hit)
235 http cache has-tostringtag@https://registry.npmjs.org/has-tostringtag/-/has-tostringtag-1.0.2.tgz 0ms (cache hit)
236 http cache has-proto@https://registry.npmjs.org/has-proto/-/has-proto-1.2.0.tgz 0ms (cache hit)
237 http cache has-property-descriptors@https://registry.npmjs.org/has-property-descriptors/-/has-property-descriptors-1.0.2.tgz 0ms (cache hit)
238 http cache has-symbols@https://registry.npmjs.org/has-symbols/-/has-symbols-1.1.0.tgz 0ms (cache hit)
239 http cache has-bigints@https://registry.npmjs.org/has-bigints/-/has-bigints-1.1.0.tgz 0ms (cache hit)
240 http cache has-flag@https://registry.npmjs.org/has-flag/-/has-flag-4.0.0.tgz 0ms (cache hit)
241 http cache globalthis@https://registry.npmjs.org/globalthis/-/globalthis-1.0.4.tgz 0ms (cache hit)
242 http cache globals@https://registry.npmjs.org/globals/-/globals-14.0.0.tgz 0ms (cache hit)
243 http cache glob-parent@https://registry.npmjs.org/glob-parent/-/glob-parent-6.0.2.tgz 0ms (cache hit)
244 http cache get-tsconfig@https://registry.npmjs.org/get-tsconfig/-/get-tsconfig-4.14.0.tgz 0ms (cache hit)
245 http cache gopd@https://registry.npmjs.org/gopd/-/gopd-1.2.0.tgz 0ms (cache hit)
246 http cache get-symbol-description@https://registry.npmjs.org/get-symbol-description/-/get-symbol-description-1.1.0.tgz 0ms (cache hit)
247 http cache get-proto@https://registry.npmjs.org/get-proto/-/get-proto-1.0.1.tgz 0ms (cache hit)
248 http cache get-intrinsic@https://registry.npmjs.org/get-intrinsic/-/get-intrinsic-1.3.0.tgz 0ms (cache hit)
249 http cache gensync@https://registry.npmjs.org/gensync/-/gensync-1.0.0-beta.2.tgz 0ms (cache hit)
250 http cache generator-function@https://registry.npmjs.org/generator-function/-/generator-function-2.0.1.tgz 0ms (cache hit)
251 http cache function.prototype.name@https://registry.npmjs.org/function.prototype.name/-/function.prototype.name-1.2.0.tgz 0ms (cache hit)
252 http cache function-bind@https://registry.npmjs.org/function-bind/-/function-bind-1.1.2.tgz 0ms (cache hit)
253 http cache functions-have-names@https://registry.npmjs.org/functions-have-names/-/functions-have-names-1.2.3.tgz 0ms (cache hit)
254 http cache for-each@https://registry.npmjs.org/for-each/-/for-each-0.3.5.tgz 0ms (cache hit)
255 http cache flatted@https://registry.npmjs.org/flatted/-/flatted-3.4.2.tgz 0ms (cache hit)
256 http cache find-up@https://registry.npmjs.org/find-up/-/find-up-5.0.0.tgz 0ms (cache hit)
257 http cache fill-range@https://registry.npmjs.org/fill-range/-/fill-range-7.1.1.tgz 0ms (cache hit)
258 http cache flat-cache@https://registry.npmjs.org/flat-cache/-/flat-cache-4.0.1.tgz 0ms (cache hit)
259 http cache file-entry-cache@https://registry.npmjs.org/file-entry-cache/-/file-entry-cache-8.0.0.tgz 0ms (cache hit)
260 http cache fastq@https://registry.npmjs.org/fastq/-/fastq-1.20.1.tgz 0ms (cache hit)
261 http cache fast-json-stable-stringify@https://registry.npmjs.org/fast-json-stable-stringify/-/fast-json-stable-stringify-2.1.0.tgz 0ms (cache hit)
262 http cache fast-deep-equal@https://registry.npmjs.org/fast-deep-equal/-/fast-deep-equal-3.1.3.tgz 0ms (cache hit)
263 http cache fast-levenshtein@https://registry.npmjs.org/fast-levenshtein/-/fast-levenshtein-2.0.6.tgz 0ms (cache hit)
264 http cache fast-glob@https://registry.npmjs.org/fast-glob/-/fast-glob-3.3.1.tgz 0ms (cache hit)
265 http cache expect-type@https://registry.npmjs.org/expect-type/-/expect-type-1.4.0.tgz 0ms (cache hit)
266 http cache esutils@https://registry.npmjs.org/esutils/-/esutils-2.0.3.tgz 0ms (cache hit)
267 http cache estree-walker@https://registry.npmjs.org/estree-walker/-/estree-walker-3.0.3.tgz 0ms (cache hit)
268 http cache estraverse@https://registry.npmjs.org/estraverse/-/estraverse-5.3.0.tgz 0ms (cache hit)
269 http cache fake-indexeddb@https://registry.npmjs.org/fake-indexeddb/-/fake-indexeddb-6.2.5.tgz 0ms (cache hit)
270 http cache esrecurse@https://registry.npmjs.org/esrecurse/-/esrecurse-4.3.0.tgz 0ms (cache hit)
271 http cache esquery@https://registry.npmjs.org/esquery/-/esquery-1.7.0.tgz 0ms (cache hit)
272 http cache eslint-visitor-keys@https://registry.npmjs.org/eslint-visitor-keys/-/eslint-visitor-keys-4.2.1.tgz 0ms (cache hit)
273 http cache eslint-plugin-react-hooks@https://registry.npmjs.org/eslint-plugin-react-hooks/-/eslint-plugin-react-hooks-7.1.1.tgz 0ms (cache hit)
274 http cache espree@https://registry.npmjs.org/espree/-/espree-10.4.0.tgz 0ms (cache hit)
275 http cache eslint-plugin-react@https://registry.npmjs.org/eslint-plugin-react/-/eslint-plugin-react-7.37.5.tgz 0ms (cache hit)
276 http cache eslint-scope@https://registry.npmjs.org/eslint-scope/-/eslint-scope-8.4.0.tgz 0ms (cache hit)
277 http cache eslint-plugin-import@https://registry.npmjs.org/eslint-plugin-import/-/eslint-plugin-import-2.32.0.tgz 0ms (cache hit)
278 http cache eslint-plugin-jsx-a11y@https://registry.npmjs.org/eslint-plugin-jsx-a11y/-/eslint-plugin-jsx-a11y-6.10.2.tgz 0ms (cache hit)
279 http cache eslint-module-utils@https://registry.npmjs.org/eslint-module-utils/-/eslint-module-utils-2.14.0.tgz 0ms (cache hit)
280 http cache eslint-import-resolver-typescript@https://registry.npmjs.org/eslint-import-resolver-typescript/-/eslint-import-resolver-typescript-3.10.1.tgz 0ms (cache hit)
281 http cache eslint-config-next@https://registry.npmjs.org/eslint-config-next/-/eslint-config-next-16.2.11.tgz 0ms (cache hit)
282 http cache eslint-import-resolver-node@https://registry.npmjs.org/eslint-import-resolver-node/-/eslint-import-resolver-node-0.3.10.tgz 0ms (cache hit)
283 http cache escape-string-regexp@https://registry.npmjs.org/escape-string-regexp/-/escape-string-regexp-4.0.0.tgz 0ms (cache hit)
284 http cache escalade@https://registry.npmjs.org/escalade/-/escalade-3.2.0.tgz 0ms (cache hit)
285 http cache es-to-primitive@https://registry.npmjs.org/es-to-primitive/-/es-to-primitive-1.3.4.tgz 0ms (cache hit)
286 http cache esbuild@https://registry.npmjs.org/esbuild/-/esbuild-0.25.12.tgz 0ms (cache hit)
287 http cache eslint@https://registry.npmjs.org/eslint/-/eslint-9.39.5.tgz 0ms (cache hit)
288 http cache es-shim-unscopables@https://registry.npmjs.org/es-shim-unscopables/-/es-shim-unscopables-1.1.0.tgz 0ms (cache hit)
289 http cache es-object-atoms@https://registry.npmjs.org/es-object-atoms/-/es-object-atoms-1.1.2.tgz 0ms (cache hit)
290 http cache es-iterator-helpers@https://registry.npmjs.org/es-iterator-helpers/-/es-iterator-helpers-1.4.0.tgz 0ms (cache hit)
291 http cache es-set-tostringtag@https://registry.npmjs.org/es-set-tostringtag/-/es-set-tostringtag-2.1.0.tgz 0ms (cache hit)
292 http cache es-define-property@https://registry.npmjs.org/es-define-property/-/es-define-property-1.0.1.tgz 0ms (cache hit)
293 http cache es-abstract-get@https://registry.npmjs.org/es-abstract-get/-/es-abstract-get-1.0.0.tgz 0ms (cache hit)
294 http cache es-errors@https://registry.npmjs.org/es-errors/-/es-errors-1.3.0.tgz 0ms (cache hit)
295 http cache es-module-lexer@https://registry.npmjs.org/es-module-lexer/-/es-module-lexer-1.7.0.tgz 0ms (cache hit)
296 http cache emoji-regex@https://registry.npmjs.org/emoji-regex/-/emoji-regex-9.2.2.tgz 0ms (cache hit)
297 http cache entities@https://registry.npmjs.org/entities/-/entities-6.0.1.tgz 0ms (cache hit)
298 http cache dunder-proto@https://registry.npmjs.org/dunder-proto/-/dunder-proto-1.0.1.tgz 0ms (cache hit)
299 http cache es-abstract@https://registry.npmjs.org/es-abstract/-/es-abstract-1.24.2.tgz 0ms (cache hit)
300 http cache electron-to-chromium@https://registry.npmjs.org/electron-to-chromium/-/electron-to-chromium-1.5.393.tgz 0ms (cache hit)
301 http cache dom-accessibility-api@https://registry.npmjs.org/dom-accessibility-api/-/dom-accessibility-api-0.5.16.tgz 0ms (cache hit)
302 http cache dequal@https://registry.npmjs.org/dequal/-/dequal-2.0.3.tgz 0ms (cache hit)
303 http cache detect-libc@https://registry.npmjs.org/detect-libc/-/detect-libc-2.1.2.tgz 0ms (cache hit)
304 http cache doctrine@https://registry.npmjs.org/doctrine/-/doctrine-2.1.0.tgz 0ms (cache hit)
305 http cache define-properties@https://registry.npmjs.org/define-properties/-/define-properties-1.2.1.tgz 0ms (cache hit)
306 http cache deep-is@https://registry.npmjs.org/deep-is/-/deep-is-0.1.4.tgz 0ms (cache hit)
307 http cache decimal.js@https://registry.npmjs.org/decimal.js/-/decimal.js-10.6.0.tgz 0ms (cache hit)
308 http cache define-data-property@https://registry.npmjs.org/define-data-property/-/define-data-property-1.1.4.tgz 0ms (cache hit)
309 http cache debug@https://registry.npmjs.org/debug/-/debug-4.4.3.tgz 0ms (cache hit)
310 http cache deep-eql@https://registry.npmjs.org/deep-eql/-/deep-eql-5.0.2.tgz 0ms (cache hit)
311 http cache data-urls@https://registry.npmjs.org/data-urls/-/data-urls-5.0.0.tgz 0ms (cache hit)
312 http cache data-view-byte-length@https://registry.npmjs.org/data-view-byte-length/-/data-view-byte-length-1.0.2.tgz 0ms (cache hit)
313 http cache data-view-byte-offset@https://registry.npmjs.org/data-view-byte-offset/-/data-view-byte-offset-1.0.1.tgz 0ms (cache hit)
314 http cache data-view-buffer@https://registry.npmjs.org/data-view-buffer/-/data-view-buffer-1.0.2.tgz 0ms (cache hit)
315 http cache damerau-levenshtein@https://registry.npmjs.org/damerau-levenshtein/-/damerau-levenshtein-1.0.8.tgz 0ms (cache hit)
316 http cache csstype@https://registry.npmjs.org/csstype/-/csstype-3.2.3.tgz 0ms (cache hit)
317 http cache cssstyle@https://registry.npmjs.org/cssstyle/-/cssstyle-4.6.0.tgz 0ms (cache hit)
318 http cache css.escape@https://registry.npmjs.org/css.escape/-/css.escape-1.5.1.tgz 0ms (cache hit)
319 http cache convert-source-map@https://registry.npmjs.org/convert-source-map/-/convert-source-map-2.0.0.tgz 0ms (cache hit)
320 http cache concat-map@https://registry.npmjs.org/concat-map/-/concat-map-0.0.1.tgz 0ms (cache hit)
321 http cache cross-spawn@https://registry.npmjs.org/cross-spawn/-/cross-spawn-7.0.6.tgz 0ms (cache hit)
322 http cache color-name@https://registry.npmjs.org/color-name/-/color-name-1.1.4.tgz 0ms (cache hit)
323 http cache color-convert@https://registry.npmjs.org/color-convert/-/color-convert-2.0.1.tgz 0ms (cache hit)
324 http cache check-error@https://registry.npmjs.org/check-error/-/check-error-2.1.3.tgz 0ms (cache hit)
325 http cache client-only@https://registry.npmjs.org/client-only/-/client-only-0.0.1.tgz 0ms (cache hit)
326 http cache chalk@https://registry.npmjs.org/chalk/-/chalk-3.0.0.tgz 0ms (cache hit)
327 http cache chai@https://registry.npmjs.org/chai/-/chai-5.3.3.tgz 0ms (cache hit)
328 http cache callsites@https://registry.npmjs.org/callsites/-/callsites-3.1.0.tgz 0ms (cache hit)
329 http cache call-bound@https://registry.npmjs.org/call-bound/-/call-bound-1.0.4.tgz 0ms (cache hit)
330 http cache caniuse-lite@https://registry.npmjs.org/caniuse-lite/-/caniuse-lite-1.0.30001806.tgz 0ms (cache hit)
331 http cache call-bind-apply-helpers@https://registry.npmjs.org/call-bind-apply-helpers/-/call-bind-apply-helpers-1.0.2.tgz 0ms (cache hit)
332 http cache call-bind@https://registry.npmjs.org/call-bind/-/call-bind-1.0.9.tgz 0ms (cache hit)
333 http cache browserslist@https://registry.npmjs.org/browserslist/-/browserslist-4.28.6.tgz 0ms (cache hit)
334 http cache cac@https://registry.npmjs.org/cac/-/cac-6.7.14.tgz 0ms (cache hit)
335 http cache braces@https://registry.npmjs.org/braces/-/braces-3.0.3.tgz 0ms (cache hit)
336 http cache brace-expansion@https://registry.npmjs.org/brace-expansion/-/brace-expansion-1.1.16.tgz 0ms (cache hit)
337 http cache balanced-match@https://registry.npmjs.org/balanced-match/-/balanced-match-1.0.2.tgz 0ms (cache hit)
338 http cache baseline-browser-mapping@https://registry.npmjs.org/baseline-browser-mapping/-/baseline-browser-mapping-2.10.43.tgz 0ms (cache hit)
339 http cache axobject-query@https://registry.npmjs.org/axobject-query/-/axobject-query-4.1.0.tgz 0ms (cache hit)
340 http cache axe-core@https://registry.npmjs.org/axe-core/-/axe-core-4.12.1.tgz 0ms (cache hit)
341 http cache ast-types-flow@https://registry.npmjs.org/ast-types-flow/-/ast-types-flow-0.0.8.tgz 0ms (cache hit)
342 http cache async-function@https://registry.npmjs.org/async-function/-/async-function-1.0.0.tgz 0ms (cache hit)
343 http cache available-typed-arrays@https://registry.npmjs.org/available-typed-arrays/-/available-typed-arrays-1.0.7.tgz 0ms (cache hit)
344 http cache assertion-error@https://registry.npmjs.org/assertion-error/-/assertion-error-2.0.1.tgz 0ms (cache hit)
345 http cache arraybuffer.prototype.slice@https://registry.npmjs.org/arraybuffer.prototype.slice/-/arraybuffer.prototype.slice-1.0.4.tgz 0ms (cache hit)
346 http cache array.prototype.flatmap@https://registry.npmjs.org/array.prototype.flatmap/-/array.prototype.flatmap-1.3.3.tgz 0ms (cache hit)
347 http cache array.prototype.tosorted@https://registry.npmjs.org/array.prototype.tosorted/-/array.prototype.tosorted-1.1.4.tgz 0ms (cache hit)
348 http cache array.prototype.flat@https://registry.npmjs.org/array.prototype.flat/-/array.prototype.flat-1.3.3.tgz 0ms (cache hit)
349 http cache array.prototype.findlastindex@https://registry.npmjs.org/array.prototype.findlastindex/-/array.prototype.findlastindex-1.2.6.tgz 0ms (cache hit)
350 http cache array-includes@https://registry.npmjs.org/array-includes/-/array-includes-3.1.9.tgz 0ms (cache hit)
351 http cache array-buffer-byte-length@https://registry.npmjs.org/array-buffer-byte-length/-/array-buffer-byte-length-1.0.2.tgz 0ms (cache hit)
352 http cache array.prototype.findlast@https://registry.npmjs.org/array.prototype.findlast/-/array.prototype.findlast-1.2.5.tgz 0ms (cache hit)
353 http cache aria-query@https://registry.npmjs.org/aria-query/-/aria-query-5.3.0.tgz 0ms (cache hit)
354 http cache argparse@https://registry.npmjs.org/argparse/-/argparse-2.0.1.tgz 0ms (cache hit)
355 http cache ajv@https://registry.npmjs.org/ajv/-/ajv-6.15.0.tgz 0ms (cache hit)
356 http cache ansi-styles@https://registry.npmjs.org/ansi-styles/-/ansi-styles-4.3.0.tgz 0ms (cache hit)
357 http cache agent-base@https://registry.npmjs.org/agent-base/-/agent-base-7.1.4.tgz 0ms (cache hit)
358 http cache ansi-regex@https://registry.npmjs.org/ansi-regex/-/ansi-regex-5.0.1.tgz 0ms (cache hit)
359 http cache acorn@https://registry.npmjs.org/acorn/-/acorn-8.17.0.tgz 0ms (cache hit)
360 http cache acorn-jsx@https://registry.npmjs.org/acorn-jsx/-/acorn-jsx-5.3.2.tgz 0ms (cache hit)
361 http cache @vitest/utils@https://registry.npmjs.org/@vitest/utils/-/utils-3.2.7.tgz 0ms (cache hit)
362 http cache @vitest/spy@https://registry.npmjs.org/@vitest/spy/-/spy-3.2.7.tgz 0ms (cache hit)
363 http cache @vitest/snapshot@https://registry.npmjs.org/@vitest/snapshot/-/snapshot-3.2.7.tgz 0ms (cache hit)
364 http cache @vitest/mocker@https://registry.npmjs.org/@vitest/mocker/-/mocker-3.2.7.tgz 0ms (cache hit)
365 http cache @vitest/runner@https://registry.npmjs.org/@vitest/runner/-/runner-3.2.7.tgz 0ms (cache hit)
366 http cache @vitest/expect@https://registry.npmjs.org/@vitest/expect/-/expect-3.2.7.tgz 0ms (cache hit)
367 http cache @vitest/pretty-format@https://registry.npmjs.org/@vitest/pretty-format/-/pretty-format-3.2.7.tgz 0ms (cache hit)
368 http cache @unrs/resolver-binding-win32-x64-msvc@https://registry.npmjs.org/@unrs/resolver-binding-win32-x64-msvc/-/resolver-binding-win32-x64-msvc-1.12.2.tgz 0ms (cache hit)
369 http cache @typescript-eslint/utils@https://registry.npmjs.org/@typescript-eslint/utils/-/utils-8.64.0.tgz 0ms (cache hit)
370 http cache @vitejs/plugin-react@https://registry.npmjs.org/@vitejs/plugin-react/-/plugin-react-4.4.1.tgz 0ms (cache hit)
371 http cache @typescript-eslint/typescript-estree@https://registry.npmjs.org/@typescript-eslint/typescript-estree/-/typescript-estree-8.64.0.tgz 0ms (cache hit)
372 http cache @typescript-eslint/visitor-keys@https://registry.npmjs.org/@typescript-eslint/visitor-keys/-/visitor-keys-8.64.0.tgz 0ms (cache hit)
373 http cache @typescript-eslint/types@https://registry.npmjs.org/@typescript-eslint/types/-/types-8.64.0.tgz 0ms (cache hit)
374 http cache @typescript-eslint/tsconfig-utils@https://registry.npmjs.org/@typescript-eslint/tsconfig-utils/-/tsconfig-utils-8.64.0.tgz 0ms (cache hit)
375 http cache @typescript-eslint/type-utils@https://registry.npmjs.org/@typescript-eslint/type-utils/-/type-utils-8.64.0.tgz 0ms (cache hit)
376 http cache @typescript-eslint/project-service@https://registry.npmjs.org/@typescript-eslint/project-service/-/project-service-8.64.0.tgz 0ms (cache hit)
377 http cache @typescript-eslint/parser@https://registry.npmjs.org/@typescript-eslint/parser/-/parser-8.64.0.tgz 0ms (cache hit)
378 http cache @typescript-eslint/scope-manager@https://registry.npmjs.org/@typescript-eslint/scope-manager/-/scope-manager-8.64.0.tgz 0ms (cache hit)
379 http cache @typescript-eslint/eslint-plugin@https://registry.npmjs.org/@typescript-eslint/eslint-plugin/-/eslint-plugin-8.64.0.tgz 0ms (cache hit)
380 http cache @types/react-dom@https://registry.npmjs.org/@types/react-dom/-/react-dom-19.1.2.tgz 0ms (cache hit)
381 http cache @types/pg@https://registry.npmjs.org/@types/pg/-/pg-8.20.0.tgz 0ms (cache hit)
382 http cache @types/node@https://registry.npmjs.org/@types/node/-/node-22.15.3.tgz 0ms (cache hit)
383 http cache @types/json5@https://registry.npmjs.org/@types/json5/-/json5-0.0.29.tgz 0ms (cache hit)
384 http cache @types/react@https://registry.npmjs.org/@types/react/-/react-19.1.2.tgz 0ms (cache hit)
385 http cache @types/estree@https://registry.npmjs.org/@types/estree/-/estree-1.0.9.tgz 0ms (cache hit)
386 http cache @types/deep-eql@https://registry.npmjs.org/@types/deep-eql/-/deep-eql-4.0.2.tgz 0ms (cache hit)
387 http cache @types/chai@https://registry.npmjs.org/@types/chai/-/chai-5.2.3.tgz 0ms (cache hit)
388 http cache @types/babel__traverse@https://registry.npmjs.org/@types/babel__traverse/-/babel__traverse-7.28.0.tgz 0ms (cache hit)
389 http cache @types/babel__template@https://registry.npmjs.org/@types/babel__template/-/babel__template-7.4.4.tgz 0ms (cache hit)
390 http cache @types/babel__generator@https://registry.npmjs.org/@types/babel__generator/-/babel__generator-7.27.0.tgz 0ms (cache hit)
391 http cache @types/babel__core@https://registry.npmjs.org/@types/babel__core/-/babel__core-7.20.5.tgz 0ms (cache hit)
392 http cache @types/aria-query@https://registry.npmjs.org/@types/aria-query/-/aria-query-5.0.4.tgz 0ms (cache hit)
393 http cache @testing-library/react@https://registry.npmjs.org/@testing-library/react/-/react-16.3.0.tgz 0ms (cache hit)
394 http cache @types/json-schema@https://registry.npmjs.org/@types/json-schema/-/json-schema-7.0.15.tgz 0ms (cache hit)
395 http cache @testing-library/jest-dom@https://registry.npmjs.org/@testing-library/jest-dom/-/jest-dom-6.6.3.tgz 0ms (cache hit)
396 http cache @testing-library/dom@https://registry.npmjs.org/@testing-library/dom/-/dom-10.4.1.tgz 0ms (cache hit)
397 http cache @rtsao/scc@https://registry.npmjs.org/@rtsao/scc/-/scc-1.1.0.tgz 0ms (cache hit)
398 http cache @rollup/rollup-win32-x64-gnu@https://registry.npmjs.org/@rollup/rollup-win32-x64-gnu/-/rollup-win32-x64-gnu-4.62.2.tgz 0ms (cache hit)
399 http cache @rollup/rollup-win32-x64-msvc@https://registry.npmjs.org/@rollup/rollup-win32-x64-msvc/-/rollup-win32-x64-msvc-4.62.2.tgz 0ms (cache hit)
400 http cache @nolyfill/is-core-module@https://registry.npmjs.org/@nolyfill/is-core-module/-/is-core-module-1.0.39.tgz 0ms (cache hit)
401 http cache @nodelib/fs.walk@https://registry.npmjs.org/@nodelib/fs.walk/-/fs.walk-1.2.8.tgz 0ms (cache hit)
402 http cache @nodelib/fs.stat@https://registry.npmjs.org/@nodelib/fs.stat/-/fs.stat-2.0.5.tgz 0ms (cache hit)
403 http cache @swc/helpers@https://registry.npmjs.org/@swc/helpers/-/helpers-0.5.15.tgz 0ms (cache hit)
404 http cache @next/swc-win32-x64-msvc@https://registry.npmjs.org/@next/swc-win32-x64-msvc/-/swc-win32-x64-msvc-16.2.11.tgz 0ms (cache hit)
405 http cache @nodelib/fs.scandir@https://registry.npmjs.org/@nodelib/fs.scandir/-/fs.scandir-2.1.5.tgz 0ms (cache hit)
406 http cache @neondatabase/serverless@https://registry.npmjs.org/@neondatabase/serverless/-/serverless-1.0.2.tgz 0ms (cache hit)
407 http cache @next/eslint-plugin-next@https://registry.npmjs.org/@next/eslint-plugin-next/-/eslint-plugin-next-16.2.11.tgz 0ms (cache hit)
408 http cache @next/env@https://registry.npmjs.org/@next/env/-/env-16.2.11.tgz 0ms (cache hit)
409 http cache @jridgewell/trace-mapping@https://registry.npmjs.org/@jridgewell/trace-mapping/-/trace-mapping-0.3.31.tgz 0ms (cache hit)
410 http cache @jridgewell/sourcemap-codec@https://registry.npmjs.org/@jridgewell/sourcemap-codec/-/sourcemap-codec-1.5.5.tgz 0ms (cache hit)
411 http cache @jridgewell/remapping@https://registry.npmjs.org/@jridgewell/remapping/-/remapping-2.3.5.tgz 0ms (cache hit)
412 http cache @jridgewell/gen-mapping@https://registry.npmjs.org/@jridgewell/gen-mapping/-/gen-mapping-0.3.13.tgz 0ms (cache hit)
413 http cache @jridgewell/resolve-uri@https://registry.npmjs.org/@jridgewell/resolve-uri/-/resolve-uri-3.1.2.tgz 0ms (cache hit)
414 http cache @humanwhocodes/retry@https://registry.npmjs.org/@humanwhocodes/retry/-/retry-0.4.3.tgz 0ms (cache hit)
415 http cache @img/colour@https://registry.npmjs.org/@img/colour/-/colour-1.1.0.tgz 0ms (cache hit)
416 http cache @humanfs/types@https://registry.npmjs.org/@humanfs/types/-/types-0.15.0.tgz 0ms (cache hit)
417 http cache @humanwhocodes/module-importer@https://registry.npmjs.org/@humanwhocodes/module-importer/-/module-importer-1.0.1.tgz 0ms (cache hit)
418 http cache @humanfs/core@https://registry.npmjs.org/@humanfs/core/-/core-0.19.2.tgz 0ms (cache hit)
419 http cache @img/sharp-win32-x64@https://registry.npmjs.org/@img/sharp-win32-x64/-/sharp-win32-x64-0.35.3.tgz 0ms (cache hit)
420 http cache @humanfs/node@https://registry.npmjs.org/@humanfs/node/-/node-0.16.8.tgz 0ms (cache hit)
421 http cache @eslint/object-schema@https://registry.npmjs.org/@eslint/object-schema/-/object-schema-2.1.7.tgz 0ms (cache hit)
422 http cache @eslint/eslintrc@https://registry.npmjs.org/@eslint/eslintrc/-/eslintrc-3.3.6.tgz 0ms (cache hit)
423 http cache @eslint/js@https://registry.npmjs.org/@eslint/js/-/js-9.39.5.tgz 0ms (cache hit)
424 http cache @eslint/plugin-kit@https://registry.npmjs.org/@eslint/plugin-kit/-/plugin-kit-0.4.1.tgz 0ms (cache hit)
425 http cache @eslint/core@https://registry.npmjs.org/@eslint/core/-/core-0.17.0.tgz 0ms (cache hit)
426 http cache @eslint-community/regexpp@https://registry.npmjs.org/@eslint-community/regexpp/-/regexpp-4.12.2.tgz 0ms (cache hit)
427 http cache @eslint/config-array@https://registry.npmjs.org/@eslint/config-array/-/config-array-0.21.2.tgz 0ms (cache hit)
428 http cache @eslint/config-helpers@https://registry.npmjs.org/@eslint/config-helpers/-/config-helpers-0.4.2.tgz 0ms (cache hit)
429 http cache @eslint-community/eslint-utils@https://registry.npmjs.org/@eslint-community/eslint-utils/-/eslint-utils-4.9.1.tgz 0ms (cache hit)
430 http cache @electric-sql/pglite@https://registry.npmjs.org/@electric-sql/pglite/-/pglite-0.3.7.tgz 0ms (cache hit)
431 http cache @csstools/css-parser-algorithms@https://registry.npmjs.org/@csstools/css-parser-algorithms/-/css-parser-algorithms-3.0.5.tgz 0ms (cache hit)
432 http cache @csstools/css-color-parser@https://registry.npmjs.org/@csstools/css-color-parser/-/css-color-parser-3.1.0.tgz 0ms (cache hit)
433 http cache @esbuild/win32-x64@https://registry.npmjs.org/@esbuild/win32-x64/-/win32-x64-0.25.12.tgz 0ms (cache hit)
434 http cache @csstools/css-calc@https://registry.npmjs.org/@csstools/css-calc/-/css-calc-2.1.4.tgz 0ms (cache hit)
435 http cache @csstools/css-tokenizer@https://registry.npmjs.org/@csstools/css-tokenizer/-/css-tokenizer-3.0.4.tgz 0ms (cache hit)
436 http cache @babel/types@https://registry.npmjs.org/@babel/types/-/types-7.29.7.tgz 0ms (cache hit)
437 http cache @csstools/color-helpers@https://registry.npmjs.org/@csstools/color-helpers/-/color-helpers-5.1.0.tgz 0ms (cache hit)
438 http cache @babel/traverse@https://registry.npmjs.org/@babel/traverse/-/traverse-7.29.7.tgz 0ms (cache hit)
439 http cache @babel/template@https://registry.npmjs.org/@babel/template/-/template-7.29.7.tgz 0ms (cache hit)
440 http cache @babel/plugin-transform-react-jsx-source@https://registry.npmjs.org/@babel/plugin-transform-react-jsx-source/-/plugin-transform-react-jsx-source-7.29.7.tgz 0ms (cache hit)
441 http cache @babel/runtime@https://registry.npmjs.org/@babel/runtime/-/runtime-7.29.7.tgz 0ms (cache hit)
442 http cache @babel/plugin-transform-react-jsx-self@https://registry.npmjs.org/@babel/plugin-transform-react-jsx-self/-/plugin-transform-react-jsx-self-7.29.7.tgz 0ms (cache hit)
443 http cache @babel/parser@https://registry.npmjs.org/@babel/parser/-/parser-7.29.7.tgz 0ms (cache hit)
444 http cache @babel/helper-validator-option@https://registry.npmjs.org/@babel/helper-validator-option/-/helper-validator-option-7.29.7.tgz 0ms (cache hit)
445 http cache @babel/helper-validator-identifier@https://registry.npmjs.org/@babel/helper-validator-identifier/-/helper-validator-identifier-7.29.7.tgz 0ms (cache hit)
446 http cache @babel/helpers@https://registry.npmjs.org/@babel/helpers/-/helpers-7.29.7.tgz 0ms (cache hit)
447 http cache @babel/helper-string-parser@https://registry.npmjs.org/@babel/helper-string-parser/-/helper-string-parser-7.29.7.tgz 0ms (cache hit)
448 http cache @babel/helper-plugin-utils@https://registry.npmjs.org/@babel/helper-plugin-utils/-/helper-plugin-utils-7.29.7.tgz 0ms (cache hit)
449 http cache @babel/helper-module-imports@https://registry.npmjs.org/@babel/helper-module-imports/-/helper-module-imports-7.29.7.tgz 0ms (cache hit)
450 http cache @babel/helper-module-transforms@https://registry.npmjs.org/@babel/helper-module-transforms/-/helper-module-transforms-7.29.7.tgz 0ms (cache hit)
451 http cache @babel/helper-globals@https://registry.npmjs.org/@babel/helper-globals/-/helper-globals-7.29.7.tgz 0ms (cache hit)
452 http cache @babel/helper-compilation-targets@https://registry.npmjs.org/@babel/helper-compilation-targets/-/helper-compilation-targets-7.29.7.tgz 0ms (cache hit)
453 http cache @babel/core@https://registry.npmjs.org/@babel/core/-/core-7.29.7.tgz 0ms (cache hit)
454 http cache @babel/compat-data@https://registry.npmjs.org/@babel/compat-data/-/compat-data-7.29.7.tgz 0ms (cache hit)
455 http cache @babel/generator@https://registry.npmjs.org/@babel/generator/-/generator-7.29.7.tgz 0ms (cache hit)
456 http cache @babel/code-frame@https://registry.npmjs.org/@babel/code-frame/-/code-frame-7.29.7.tgz 0ms (cache hit)
457 http cache @adobe/css-tools@https://registry.npmjs.org/@adobe/css-tools/-/css-tools-4.5.0.tgz 0ms (cache hit)
458 http cache picomatch@https://registry.npmjs.org/picomatch/-/picomatch-4.0.5.tgz 0ms (cache hit)
459 http cache @asamuzakjp/css-color@https://registry.npmjs.org/@asamuzakjp/css-color/-/css-color-3.2.0.tgz 0ms (cache hit)
460 http cache json5@https://registry.npmjs.org/json5/-/json5-1.0.2.tgz 0ms (cache hit)
461 http cache picomatch@https://registry.npmjs.org/picomatch/-/picomatch-4.0.5.tgz 0ms (cache hit)
462 http cache js-tokens@https://registry.npmjs.org/js-tokens/-/js-tokens-9.0.1.tgz 0ms (cache hit)
463 http cache picomatch@https://registry.npmjs.org/picomatch/-/picomatch-4.0.5.tgz 0ms (cache hit)
464 http cache fdir@https://registry.npmjs.org/fdir/-/fdir-6.5.0.tgz 1ms (cache hit)
465 http cache react-is@https://registry.npmjs.org/react-is/-/react-is-16.13.1.tgz 0ms (cache hit)
466 http cache ansi-styles@https://registry.npmjs.org/ansi-styles/-/ansi-styles-5.2.0.tgz 0ms (cache hit)
467 http cache glob-parent@https://registry.npmjs.org/glob-parent/-/glob-parent-5.1.2.tgz 0ms (cache hit)
468 http cache fdir@https://registry.npmjs.org/fdir/-/fdir-6.5.0.tgz 0ms (cache hit)
469 http cache semver@https://registry.npmjs.org/semver/-/semver-6.3.1.tgz 0ms (cache hit)
470 http cache aria-query@https://registry.npmjs.org/aria-query/-/aria-query-5.3.2.tgz 0ms (cache hit)
471 http cache debug@https://registry.npmjs.org/debug/-/debug-3.2.7.tgz 0ms (cache hit)
472 http cache semver@https://registry.npmjs.org/semver/-/semver-6.3.1.tgz 0ms (cache hit)
473 http cache debug@https://registry.npmjs.org/debug/-/debug-3.2.7.tgz 0ms (cache hit)
474 http cache semver@https://registry.npmjs.org/semver/-/semver-6.3.1.tgz 0ms (cache hit)
475 http cache globals@https://registry.npmjs.org/globals/-/globals-16.4.0.tgz 0ms (cache hit)
476 http cache eslint-visitor-keys@https://registry.npmjs.org/eslint-visitor-keys/-/eslint-visitor-keys-5.0.1.tgz 0ms (cache hit)
477 http cache debug@https://registry.npmjs.org/debug/-/debug-3.2.7.tgz 0ms (cache hit)
478 http cache minimatch@https://registry.npmjs.org/minimatch/-/minimatch-10.2.5.tgz 0ms (cache hit)
479 http cache brace-expansion@https://registry.npmjs.org/brace-expansion/-/brace-expansion-5.0.7.tgz 0ms (cache hit)
480 http cache chalk@https://registry.npmjs.org/chalk/-/chalk-4.1.2.tgz 0ms (cache hit)
481 http cache ignore@https://registry.npmjs.org/ignore/-/ignore-7.0.6.tgz 0ms (cache hit)
482 http cache balanced-match@https://registry.npmjs.org/balanced-match/-/balanced-match-4.0.4.tgz 0ms (cache hit)
483 http cache dom-accessibility-api@https://registry.npmjs.org/dom-accessibility-api/-/dom-accessibility-api-0.6.3.tgz 0ms (cache hit)
484 http cache eslint-visitor-keys@https://registry.npmjs.org/eslint-visitor-keys/-/eslint-visitor-keys-3.4.3.tgz 0ms (cache hit)
485 http cache semver@https://registry.npmjs.org/semver/-/semver-6.3.1.tgz 0ms (cache hit)
486 http cache lru-cache@https://registry.npmjs.org/lru-cache/-/lru-cache-10.4.3.tgz 0ms (cache hit)
487 http cache semver@https://registry.npmjs.org/semver/-/semver-6.3.1.tgz 0ms (cache hit)
488 http cache @types/node@https://registry.npmjs.org/@types/node/-/node-22.20.1.tgz 0ms (cache hit)
489 verbose audit error FetchError: request to https://registry.npmjs.org/-/npm/v1/security/advisories/bulk failed, reason: 
489 verbose audit error     at ClientRequest.<anonymous> (C:\Program Files\nodejs\node_modules\npm\node_modules\minipass-fetch\lib\index.js:130:14)
489 verbose audit error     at ClientRequest.emit (node:events:509:28)
489 verbose audit error     at emitErrorEvent (node:_http_client:109:11)
489 verbose audit error     at _destroy (node:_http_client:993:9)
489 verbose audit error     at onSocketNT (node:_http_client:1014:5)
489 verbose audit error     at process.processTicksAndRejections (node:internal/process/task_queues:91:21) {
489 verbose audit error   code: 'EACCES',
489 verbose audit error   errno: 'EACCES',
489 verbose audit error   type: 'system'
489 verbose audit error }
490 silly audit error undefined
491 silly audit report null
492 warn deprecated whatwg-encoding@3.1.1: Use @exodus/bytes instead for a more spec-conformant and faster implementation
493 info run esbuild@0.25.12 postinstall node_modules/esbuild node install.js
494 info run unrs-resolver@1.12.2 postinstall node_modules/unrs-resolver node postinstall.js
495 info run unrs-resolver@1.12.2 postinstall { code: 0, signal: null }
496 info run esbuild@0.25.12 postinstall { code: 0, signal: null }
497 silly ADD node_modules/zod-validation-error
498 silly ADD node_modules/zod
499 silly ADD node_modules/yocto-queue
500 silly ADD node_modules/yallist
501 silly ADD node_modules/xtend
502 silly ADD node_modules/xmlchars
503 silly ADD node_modules/xml-name-validator
504 silly ADD node_modules/ws
505 silly ADD node_modules/word-wrap
506 silly ADD node_modules/why-is-node-running
507 silly ADD node_modules/which-typed-array
508 silly ADD node_modules/which-collection
509 silly ADD node_modules/which-builtin-type
510 silly ADD node_modules/which-boxed-primitive
511 silly ADD node_modules/which
512 silly ADD node_modules/whatwg-url
513 silly ADD node_modules/whatwg-mimetype
514 silly ADD node_modules/whatwg-encoding
515 silly ADD node_modules/webidl-conversions
516 silly ADD node_modules/w3c-xmlserializer
517 silly ADD node_modules/vitest
518 silly ADD node_modules/vitest/node_modules/picomatch
519 silly ADD node_modules/vite-node
520 silly ADD node_modules/vite
521 silly ADD node_modules/vite/node_modules/picomatch
522 silly ADD node_modules/vite/node_modules/fdir
523 silly ADD node_modules/uri-js
524 silly ADD node_modules/update-browserslist-db
525 silly ADD node_modules/unrs-resolver
526 silly ADD node_modules/undici-types
527 silly ADD node_modules/unbox-primitive
528 silly ADD node_modules/typescript-eslint
529 silly ADD node_modules/typescript
530 silly ADD node_modules/typed-array-length
531 silly ADD node_modules/typed-array-byte-offset
532 silly ADD node_modules/typed-array-byte-length
533 silly ADD node_modules/typed-array-buffer
534 silly ADD node_modules/type-check
535 silly ADD node_modules/tsx
536 silly ADD node_modules/tslib
537 silly ADD node_modules/tsconfig-paths
538 silly ADD node_modules/tsconfig-paths/node_modules/json5
539 silly ADD node_modules/ts-api-utils
540 silly ADD node_modules/tr46
541 silly ADD node_modules/tough-cookie
542 silly ADD node_modules/to-regex-range
543 silly ADD node_modules/tldts-core
544 silly ADD node_modules/tldts
545 silly ADD node_modules/tinyspy
546 silly ADD node_modules/tinyrainbow
547 silly ADD node_modules/tinypool
548 silly ADD node_modules/tinyglobby
549 silly ADD node_modules/tinyglobby/node_modules/picomatch
550 silly ADD node_modules/tinyglobby/node_modules/fdir
551 silly ADD node_modules/tinyexec
552 silly ADD node_modules/tinybench
553 silly ADD node_modules/symbol-tree
554 silly ADD node_modules/supports-preserve-symlinks-flag
555 silly ADD node_modules/supports-color
556 silly ADD node_modules/styled-jsx
557 silly ADD node_modules/strip-literal
558 silly ADD node_modules/strip-literal/node_modules/js-tokens
559 silly ADD node_modules/strip-json-comments
560 silly ADD node_modules/strip-indent
561 silly ADD node_modules/strip-bom
562 silly ADD node_modules/string.prototype.trimstart
563 silly ADD node_modules/string.prototype.trimend
564 silly ADD node_modules/string.prototype.trim
565 silly ADD node_modules/string.prototype.repeat
566 silly ADD node_modules/string.prototype.matchall
567 silly ADD node_modules/string.prototype.includes
568 silly ADD node_modules/stop-iteration-iterator
569 silly ADD node_modules/std-env
570 silly ADD node_modules/stackback
571 silly ADD node_modules/stable-hash
572 silly ADD node_modules/source-map-js
573 silly ADD node_modules/siginfo
574 silly ADD node_modules/side-channel-weakmap
575 silly ADD node_modules/side-channel-map
576 silly ADD node_modules/side-channel-list
577 silly ADD node_modules/side-channel
578 silly ADD node_modules/shebang-regex
579 silly ADD node_modules/shebang-command
580 silly ADD node_modules/sharp
581 silly ADD node_modules/set-proto
582 silly ADD node_modules/set-function-name
583 silly ADD node_modules/set-function-length
584 silly ADD node_modules/server-only
585 silly ADD node_modules/semver
586 silly ADD node_modules/scheduler
587 silly ADD node_modules/saxes
588 silly ADD node_modules/safer-buffer
589 silly ADD node_modules/safe-regex-test
590 silly ADD node_modules/safe-push-apply
591 silly ADD node_modules/safe-array-concat
592 silly ADD node_modules/run-parallel
593 silly ADD node_modules/rrweb-cssom
594 silly ADD node_modules/rollup
595 silly ADD node_modules/reusify
596 silly ADD node_modules/resolve-pkg-maps
597 silly ADD node_modules/resolve-from
598 silly ADD node_modules/resolve
599 silly ADD node_modules/regexp.prototype.flags
600 silly ADD node_modules/reflect.getprototypeof
601 silly ADD node_modules/redent
602 silly ADD node_modules/react-refresh
603 silly ADD node_modules/react-is
604 silly ADD node_modules/react-dom
605 silly ADD node_modules/react
606 silly ADD node_modules/queue-microtask
607 silly ADD node_modules/punycode
608 silly ADD node_modules/prop-types
609 silly ADD node_modules/prop-types/node_modules/react-is
610 silly ADD node_modules/pretty-format
611 silly ADD node_modules/pretty-format/node_modules/ansi-styles
612 silly ADD node_modules/prelude-ls
613 silly ADD node_modules/postgres-interval
614 silly ADD node_modules/postgres-date
615 silly ADD node_modules/postgres-bytea
616 silly ADD node_modules/postgres-array
617 silly ADD node_modules/postgres
618 silly ADD node_modules/postcss
619 silly ADD node_modules/possible-typed-array-names
620 silly ADD node_modules/picomatch
621 silly ADD node_modules/picocolors
622 silly ADD node_modules/pg-types
623 silly ADD node_modules/pg-protocol
624 silly ADD node_modules/pg-int8
625 silly ADD node_modules/pathval
626 silly ADD node_modules/pathe
627 silly ADD node_modules/path-parse
628 silly ADD node_modules/path-key
629 silly ADD node_modules/path-exists
630 silly ADD node_modules/parse5
631 silly ADD node_modules/parent-module
632 silly ADD node_modules/p-locate
633 silly ADD node_modules/p-limit
634 silly ADD node_modules/own-keys
635 silly ADD node_modules/optionator
636 silly ADD node_modules/object.values
637 silly ADD node_modules/object.groupby
638 silly ADD node_modules/object.fromentries
639 silly ADD node_modules/object.entries
640 silly ADD node_modules/object.assign
641 silly ADD node_modules/object-keys
642 silly ADD node_modules/object-inspect
643 silly ADD node_modules/object-assign
644 silly ADD node_modules/nwsapi
645 silly ADD node_modules/node-releases
646 silly ADD node_modules/node-exports-info
647 silly ADD node_modules/node-exports-info/node_modules/semver
648 silly ADD node_modules/next
649 silly ADD node_modules/natural-compare
650 silly ADD node_modules/napi-postinstall
651 silly ADD node_modules/nanoid
652 silly ADD node_modules/ms
653 silly ADD node_modules/minimist
654 silly ADD node_modules/minimatch
655 silly ADD node_modules/min-indent
656 silly ADD node_modules/micromatch
657 silly ADD node_modules/merge2
658 silly ADD node_modules/math-intrinsics
659 silly ADD node_modules/magic-string
660 silly ADD node_modules/lz-string
661 silly ADD node_modules/lru-cache
662 silly ADD node_modules/loupe
663 silly ADD node_modules/loose-envify
664 silly ADD node_modules/lodash.merge
665 silly ADD node_modules/lodash
666 silly ADD node_modules/locate-path
667 silly ADD node_modules/levn
668 silly ADD node_modules/language-tags
669 silly ADD node_modules/language-subtag-registry
670 silly ADD node_modules/keyv
671 silly ADD node_modules/jsx-ast-utils
672 silly ADD node_modules/json5
673 silly ADD node_modules/json-stable-stringify-without-jsonify
674 silly ADD node_modules/json-schema-traverse
675 silly ADD node_modules/json-buffer
676 silly ADD node_modules/jsesc
677 silly ADD node_modules/jsdom
678 silly ADD node_modules/js-yaml
679 silly ADD node_modules/js-tokens
680 silly ADD node_modules/iterator.prototype
681 silly ADD node_modules/isexe
682 silly ADD node_modules/isarray
683 silly ADD node_modules/is-weakset
684 silly ADD node_modules/is-weakref
685 silly ADD node_modules/is-weakmap
686 silly ADD node_modules/is-typed-array
687 silly ADD node_modules/is-symbol
688 silly ADD node_modules/is-string
689 silly ADD node_modules/is-shared-array-buffer
690 silly ADD node_modules/is-set
691 silly ADD node_modules/is-regex
692 silly ADD node_modules/is-potential-custom-element-name
693 silly ADD node_modules/is-number-object
694 silly ADD node_modules/is-number
695 silly ADD node_modules/is-negative-zero
696 silly ADD node_modules/is-map
697 silly ADD node_modules/is-glob
698 silly ADD node_modules/is-generator-function
699 silly ADD node_modules/is-finalizationregistry
700 silly ADD node_modules/is-extglob
701 silly ADD node_modules/is-document.all
702 silly ADD node_modules/is-date-object
703 silly ADD node_modules/is-data-view
704 silly ADD node_modules/is-core-module
705 silly ADD node_modules/is-callable
706 silly ADD node_modules/is-bun-module
707 silly ADD node_modules/is-boolean-object
708 silly ADD node_modules/is-bigint
709 silly ADD node_modules/is-async-function
710 silly ADD node_modules/is-array-buffer
711 silly ADD node_modules/ipaddr.js
712 silly ADD node_modules/internal-slot
713 silly ADD node_modules/indent-string
714 silly ADD node_modules/imurmurhash
715 silly ADD node_modules/import-fresh
716 silly ADD node_modules/ignore
717 silly ADD node_modules/iconv-lite
718 silly ADD node_modules/https-proxy-agent
719 silly ADD node_modules/http-proxy-agent
720 silly ADD node_modules/html-encoding-sniffer
721 silly ADD node_modules/hermes-parser
722 silly ADD node_modules/hermes-estree
723 silly ADD node_modules/hasown
724 silly ADD node_modules/has-tostringtag
725 silly ADD node_modules/has-symbols
726 silly ADD node_modules/has-proto
727 silly ADD node_modules/has-property-descriptors
728 silly ADD node_modules/has-flag
729 silly ADD node_modules/has-bigints
730 silly ADD node_modules/gopd
731 silly ADD node_modules/globalthis
732 silly ADD node_modules/globals
733 silly ADD node_modules/glob-parent
734 silly ADD node_modules/get-tsconfig
735 silly ADD node_modules/get-symbol-description
736 silly ADD node_modules/get-proto
737 silly ADD node_modules/get-intrinsic
738 silly ADD node_modules/gensync
739 silly ADD node_modules/generator-function
740 silly ADD node_modules/functions-have-names
741 silly ADD node_modules/function.prototype.name
742 silly ADD node_modules/function-bind
743 silly ADD node_modules/for-each
744 silly ADD node_modules/flatted
745 silly ADD node_modules/flat-cache
746 silly ADD node_modules/find-up
747 silly ADD node_modules/fill-range
748 silly ADD node_modules/file-entry-cache
749 silly ADD node_modules/fastq
750 silly ADD node_modules/fast-levenshtein
751 silly ADD node_modules/fast-json-stable-stringify
752 silly ADD node_modules/fast-glob
753 silly ADD node_modules/fast-glob/node_modules/glob-parent
754 silly ADD node_modules/fast-deep-equal
755 silly ADD node_modules/fake-indexeddb
756 silly ADD node_modules/expect-type
757 silly ADD node_modules/esutils
758 silly ADD node_modules/estree-walker
759 silly ADD node_modules/estraverse
760 silly ADD node_modules/esrecurse
761 silly ADD node_modules/esquery
762 silly ADD node_modules/espree
763 silly ADD node_modules/eslint-visitor-keys
764 silly ADD node_modules/eslint-scope
765 silly ADD node_modules/eslint-plugin-react-hooks
766 silly ADD node_modules/eslint-plugin-react
767 silly ADD node_modules/eslint-plugin-react/node_modules/semver
768 silly ADD node_modules/eslint-plugin-jsx-a11y
769 silly ADD node_modules/eslint-plugin-jsx-a11y/node_modules/aria-query
770 silly ADD node_modules/eslint-plugin-import
771 silly ADD node_modules/eslint-plugin-import/node_modules/semver
772 silly ADD node_modules/eslint-plugin-import/node_modules/debug
773 silly ADD node_modules/eslint-module-utils
774 silly ADD node_modules/eslint-module-utils/node_modules/debug
775 silly ADD node_modules/eslint-import-resolver-typescript
776 silly ADD node_modules/eslint-import-resolver-node
777 silly ADD node_modules/eslint-import-resolver-node/node_modules/debug
778 silly ADD node_modules/eslint-config-next
779 silly ADD node_modules/eslint-config-next/node_modules/globals
780 silly ADD node_modules/eslint
781 silly ADD node_modules/eslint/node_modules/chalk
782 silly ADD node_modules/escape-string-regexp
783 silly ADD node_modules/escalade
784 silly ADD node_modules/esbuild
785 silly ADD node_modules/es-to-primitive
786 silly ADD node_modules/es-shim-unscopables
787 silly ADD node_modules/es-set-tostringtag
788 silly ADD node_modules/es-object-atoms
789 silly ADD node_modules/es-module-lexer
790 silly ADD node_modules/es-iterator-helpers
791 silly ADD node_modules/es-errors
792 silly ADD node_modules/es-define-property
793 silly ADD node_modules/es-abstract-get
794 silly ADD node_modules/es-abstract
795 silly ADD node_modules/entities
796 silly ADD node_modules/emoji-regex
797 silly ADD node_modules/electron-to-chromium
798 silly ADD node_modules/dunder-proto
799 silly ADD node_modules/dom-accessibility-api
800 silly ADD node_modules/doctrine
801 silly ADD node_modules/detect-libc
802 silly ADD node_modules/dequal
803 silly ADD node_modules/define-properties
804 silly ADD node_modules/define-data-property
805 silly ADD node_modules/deep-is
806 silly ADD node_modules/deep-eql
807 silly ADD node_modules/decimal.js
808 silly ADD node_modules/debug
809 silly ADD node_modules/data-view-byte-offset
810 silly ADD node_modules/data-view-byte-length
811 silly ADD node_modules/data-view-buffer
812 silly ADD node_modules/data-urls
813 silly ADD node_modules/damerau-levenshtein
814 silly ADD node_modules/csstype
815 silly ADD node_modules/cssstyle
816 silly ADD node_modules/css.escape
817 silly ADD node_modules/cross-spawn
818 silly ADD node_modules/convert-source-map
819 silly ADD node_modules/concat-map
820 silly ADD node_modules/color-name
821 silly ADD node_modules/color-convert
822 silly ADD node_modules/client-only
823 silly ADD node_modules/check-error
824 silly ADD node_modules/chalk
825 silly ADD node_modules/chai
826 silly ADD node_modules/caniuse-lite
827 silly ADD node_modules/callsites
828 silly ADD node_modules/call-bound
829 silly ADD node_modules/call-bind-apply-helpers
830 silly ADD node_modules/call-bind
831 silly ADD node_modules/cac
832 silly ADD node_modules/browserslist
833 silly ADD node_modules/braces
834 silly ADD node_modules/brace-expansion
835 silly ADD node_modules/baseline-browser-mapping
836 silly ADD node_modules/balanced-match
837 silly ADD node_modules/axobject-query
838 silly ADD node_modules/axe-core
839 silly ADD node_modules/available-typed-arrays
840 silly ADD node_modules/async-function
841 silly ADD node_modules/ast-types-flow
842 silly ADD node_modules/assertion-error
843 silly ADD node_modules/arraybuffer.prototype.slice
844 silly ADD node_modules/array.prototype.tosorted
845 silly ADD node_modules/array.prototype.flatmap
846 silly ADD node_modules/array.prototype.flat
847 silly ADD node_modules/array.prototype.findlastindex
848 silly ADD node_modules/array.prototype.findlast
849 silly ADD node_modules/array-includes
850 silly ADD node_modules/array-buffer-byte-length
851 silly ADD node_modules/aria-query
852 silly ADD node_modules/argparse
853 silly ADD node_modules/ansi-styles
854 silly ADD node_modules/ansi-regex
855 silly ADD node_modules/ajv
856 silly ADD node_modules/agent-base
857 silly ADD node_modules/acorn-jsx
858 silly ADD node_modules/acorn
859 silly ADD node_modules/@vitest/utils
860 silly ADD node_modules/@vitest/spy
861 silly ADD node_modules/@vitest/snapshot
862 silly ADD node_modules/@vitest/runner
863 silly ADD node_modules/@vitest/pretty-format
864 silly ADD node_modules/@vitest/mocker
865 silly ADD node_modules/@vitest/expect
866 silly ADD node_modules/@vitejs/plugin-react
867 silly ADD node_modules/@unrs/resolver-binding-win32-x64-msvc
868 silly ADD node_modules/@typescript-eslint/visitor-keys
869 silly ADD node_modules/@typescript-eslint/visitor-keys/node_modules/eslint-visitor-keys
870 silly ADD node_modules/@typescript-eslint/utils
871 silly ADD node_modules/@typescript-eslint/typescript-estree
872 silly ADD node_modules/@typescript-eslint/typescript-estree/node_modules/minimatch
873 silly ADD node_modules/@typescript-eslint/typescript-estree/node_modules/brace-expansion
874 silly ADD node_modules/@typescript-eslint/typescript-estree/node_modules/balanced-match
875 silly ADD node_modules/@typescript-eslint/types
876 silly ADD node_modules/@typescript-eslint/type-utils
877 silly ADD node_modules/@typescript-eslint/tsconfig-utils
878 silly ADD node_modules/@typescript-eslint/scope-manager
879 silly ADD node_modules/@typescript-eslint/project-service
880 silly ADD node_modules/@typescript-eslint/parser
881 silly ADD node_modules/@typescript-eslint/eslint-plugin
882 silly ADD node_modules/@typescript-eslint/eslint-plugin/node_modules/ignore
883 silly ADD node_modules/@types/react-dom
884 silly ADD node_modules/@types/react
885 silly ADD node_modules/@types/pg
886 silly ADD node_modules/@types/node
887 silly ADD node_modules/@types/json5
888 silly ADD node_modules/@types/json-schema
889 silly ADD node_modules/@types/estree
890 silly ADD node_modules/@types/deep-eql
891 silly ADD node_modules/@types/chai
892 silly ADD node_modules/@types/babel__traverse
893 silly ADD node_modules/@types/babel__template
894 silly ADD node_modules/@types/babel__generator
895 silly ADD node_modules/@types/babel__core
896 silly ADD node_modules/@types/aria-query
897 silly ADD node_modules/@testing-library/react
898 silly ADD node_modules/@testing-library/jest-dom
899 silly ADD node_modules/@testing-library/jest-dom/node_modules/dom-accessibility-api
900 silly ADD node_modules/@testing-library/dom
901 silly ADD node_modules/@swc/helpers
902 silly ADD node_modules/@rtsao/scc
903 silly ADD node_modules/@rollup/rollup-win32-x64-msvc
904 silly ADD node_modules/@rollup/rollup-win32-x64-gnu
905 silly ADD node_modules/@nolyfill/is-core-module
906 silly ADD node_modules/@nodelib/fs.walk
907 silly ADD node_modules/@nodelib/fs.stat
908 silly ADD node_modules/@nodelib/fs.scandir
909 silly ADD node_modules/@next/swc-win32-x64-msvc
910 silly ADD node_modules/@next/eslint-plugin-next
911 silly ADD node_modules/@next/env
912 silly ADD node_modules/@neondatabase/serverless
913 silly ADD node_modules/@neondatabase/serverless/node_modules/@types/node
914 silly ADD node_modules/@jridgewell/trace-mapping
915 silly ADD node_modules/@jridgewell/sourcemap-codec
916 silly ADD node_modules/@jridgewell/resolve-uri
917 silly ADD node_modules/@jridgewell/remapping
918 silly ADD node_modules/@jridgewell/gen-mapping
919 silly ADD node_modules/@img/sharp-win32-x64
920 silly ADD node_modules/@img/colour
921 silly ADD node_modules/@humanwhocodes/retry
922 silly ADD node_modules/@humanwhocodes/module-importer
923 silly ADD node_modules/@humanfs/types
924 silly ADD node_modules/@humanfs/node
925 silly ADD node_modules/@humanfs/core
926 silly ADD node_modules/@eslint/plugin-kit
927 silly ADD node_modules/@eslint/object-schema
928 silly ADD node_modules/@eslint/js
929 silly ADD node_modules/@eslint/eslintrc
930 silly ADD node_modules/@eslint/core
931 silly ADD node_modules/@eslint/config-helpers
932 silly ADD node_modules/@eslint/config-array
933 silly ADD node_modules/@eslint-community/regexpp
934 silly ADD node_modules/@eslint-community/eslint-utils
935 silly ADD node_modules/@eslint-community/eslint-utils/node_modules/eslint-visitor-keys
936 silly ADD node_modules/@esbuild/win32-x64
937 silly ADD node_modules/@electric-sql/pglite
938 silly ADD node_modules/@csstools/css-tokenizer
939 silly ADD node_modules/@csstools/css-parser-algorithms
940 silly ADD node_modules/@csstools/css-color-parser
941 silly ADD node_modules/@csstools/css-calc
942 silly ADD node_modules/@csstools/color-helpers
943 silly ADD node_modules/@babel/types
944 silly ADD node_modules/@babel/traverse
945 silly ADD node_modules/@babel/template
946 silly ADD node_modules/@babel/runtime
947 silly ADD node_modules/@babel/plugin-transform-react-jsx-source
948 silly ADD node_modules/@babel/plugin-transform-react-jsx-self
949 silly ADD node_modules/@babel/parser
950 silly ADD node_modules/@babel/helpers
951 silly ADD node_modules/@babel/helper-validator-option
952 silly ADD node_modules/@babel/helper-validator-identifier
953 silly ADD node_modules/@babel/helper-string-parser
954 silly ADD node_modules/@babel/helper-plugin-utils
955 silly ADD node_modules/@babel/helper-module-transforms
956 silly ADD node_modules/@babel/helper-module-imports
957 silly ADD node_modules/@babel/helper-globals
958 silly ADD node_modules/@babel/helper-compilation-targets
959 silly ADD node_modules/@babel/helper-compilation-targets/node_modules/semver
960 silly ADD node_modules/@babel/generator
961 silly ADD node_modules/@babel/core
962 silly ADD node_modules/@babel/core/node_modules/semver
963 silly ADD node_modules/@babel/compat-data
964 silly ADD node_modules/@babel/code-frame
965 silly ADD node_modules/@asamuzakjp/css-color
966 silly ADD node_modules/@asamuzakjp/css-color/node_modules/lru-cache
967 silly ADD node_modules/@adobe/css-tools
968 verbose cwd D:\Dev\Projects\ytb-vps-scene\.worktrees\cleanup-scene-switch-state\web
969 verbose os Windows_NT 10.0.26100
970 verbose node v24.16.0
971 verbose npm  v11.13.0
972 verbose exit 0
973 info ok
